Product,Price,Actual Price,Rating,Storage
"vivo T3 Pro 5G (Emerald Green, 256 GB)","₹24,999","₹31,999","4.548,999 Ratings & 3,371 Reviews",N/A
"vivo V50 5G (Starry Night, 256 GB)","₹36,999","₹42,999",4.6536 Ratings & 75 Reviews,N/A
"Motorola Edge 50 Fusion (Marshmallow Blue, 128 GB)","₹20,999","₹25,999","4.51,01,345 Ratings & 6,672 Reviews",N/A
"POCO C61 (Mystical Green, 64 GB)","₹5,899","₹8,999","4.281,557 Ratings & 3,415 Reviews",N/A
"POCO C75 5G (Aqua Bliss, 64 GB)","₹7,999","₹10,999","4.318,553 Ratings & 1,088 Reviews",N/A
"Motorola G85 5G (Viva Magenta, 128 GB)","₹17,999","₹20,999","4.41,45,758 Ratings & 7,891 Reviews",N/A
"Motorola g45 5G (Brilliant Blue, 128 GB)","₹11,999","₹14,999","4.41,10,078 Ratings & 5,698 Reviews",N/A
"realme P2 Pro 5G (Parrot Green, 256 GB)","₹19,999","₹27,999","4.47,468 Ratings & 627 Reviews",N/A
"Motorola Edge 50 Fusion (Hot Pink, 128 GB)","₹20,999","₹25,999","4.51,01,345 Ratings & 6,672 Reviews",N/A
"Motorola G85 5G (Olive Green, 128 GB)","₹17,999","₹20,999","4.41,45,758 Ratings & 7,891 Reviews",N/A
"Motorola Edge 50 Fusion (Forest Blue, 128 GB)","₹20,999","₹25,999","4.51,01,345 Ratings & 6,672 Reviews",N/A
"Motorola Edge 50 Fusion (Marshmallow Blue, 256 GB)","₹24,999","₹27,999","4.41,19,998 Ratings & 8,413 Reviews",N/A
"Motorola Edge 50 Fusion (Forest Blue, 256 GB)","₹24,999","₹27,999","4.41,19,998 Ratings & 8,413 Reviews",N/A
"Motorola G85 5G (Cobalt Blue, 128 GB)","₹17,999","₹20,999","4.41,45,758 Ratings & 7,891 Reviews",N/A
"MOTOROLA g35 5G (Leaf Green, 128 GB)","₹9,999","₹12,499","4.221,772 Ratings & 1,895 Reviews",N/A
"Motorola Edge 50 Fusion (Hot Pink, 256 GB)","₹24,999","₹27,999","4.41,19,998 Ratings & 8,413 Reviews",N/A
"realme P2 Pro 5G (Eagle Grey, 256 GB)","₹19,999","₹27,999","4.47,468 Ratings & 627 Reviews",N/A
"SAMSUNG Galaxy F05 (Twilight Blue, 64 GB)","₹6,499","₹9,999","4.236,255 Ratings & 2,127 Reviews",N/A
"realme C63 5G Charger in the Box (Forest Green, 128 GB)","₹10,999","₹13,999","4.514,739 Ratings & 433 Reviews",N/A
"POCO C75 5G (Silver Stardust, 64 GB)","₹7,999","₹10,999","4.318,553 Ratings & 1,088 Reviews",N/A
"realme C63 5G Charger in the Box (Starry Gold, 128 GB)","₹10,999","₹13,999","4.514,739 Ratings & 433 Reviews",N/A
"MOTOROLA g05 (Forest Green, 64 GB)","₹6,999","₹9,999","4.310,235 Ratings & 869 Reviews",N/A
"Motorola Edge 50 Fusion (Forest Green, 128 GB)","₹20,999","₹25,999","4.51,01,345 Ratings & 6,672 Reviews",N/A
"OnePlus Nord CE 3 Lite 5G (Pastel Lime, 128 GB)","₹15,428","₹19,999","4.41,60,498 Ratings & 8,240 Reviews",N/A
"vivo T3 Pro 5G (Sandstone Orange, 256 GB)","₹24,999","₹31,999","4.548,999 Ratings & 3,371 Reviews",N/A
"Motorola G85 5G (Olive Green, 256 GB)","₹19,999","₹22,999","4.456,465 Ratings & 3,149 Reviews",N/A
"vivo V50 5G (Titanium Grey, 256 GB)","₹36,999","₹42,999",4.6536 Ratings & 75 Reviews,N/A
"vivo T3 Lite 5G (Majestic Black, 128 GB)","₹11,499","₹15,499","4.482,663 Ratings & 2,950 Reviews",N/A
"OnePlus Nord CE4 (Celadon Marble, 128 GB)","₹22,997","₹24,999","4.519,363 Ratings & 1,112 Reviews",N/A
"POCO C61 (Ethereal Blue, 64 GB)","₹5,899","₹8,999","4.281,557 Ratings & 3,415 Reviews",N/A
"Motorola g45 5G (Viva Magenta, 128 GB)","₹11,999","₹14,999","4.41,10,078 Ratings & 5,698 Reviews",N/A
"MOTOROLA g35 5G (Guava Red, 128 GB)","₹9,999","₹12,499","4.221,772 Ratings & 1,895 Reviews",N/A
"MOTOROLA g35 5G (Midnight Black, 128 GB)","₹9,999","₹12,499","4.221,772 Ratings & 1,895 Reviews",N/A
"realme C63 5G Charger in the Box (Starry Gold, 128 GB)","₹10,999","₹12,999","4.44,635 Ratings & 205 Reviews",N/A
"OnePlus Nord CE 3 Lite 5G (Chromatic Gray, 128 GB)","₹15,852","₹19,999","4.41,60,498 Ratings & 8,240 Reviews",N/A
"realme P1 5G (Feather Blue, 128 GB)","₹13,999","₹20,999","4.488,702 Ratings & 5,229 Reviews",N/A
"realme P1 5G (Phoenix Red, 128 GB)","₹13,999","₹20,999","4.488,702 Ratings & 5,229 Reviews",N/A
"Nokia 105 Single SIM, Keypad Mobile Phone with Wireless FM Radio","₹1,172","₹1,599","41,39,561 Ratings & 8,496 Reviews",N/A
"CMF by Nothing Phone 1 (Light Green, 128 GB)","₹15,499","₹19,999","4.465,648 Ratings & 4,763 Reviews",N/A
"MOTOROLA g05 (Plum Red, 64 GB)","₹6,999","₹9,999","4.310,235 Ratings & 869 Reviews",N/A
"realme C61 (Marble Black, 128 GB)","₹7,984","₹10,999","4.410,720 Ratings & 351 Reviews",N/A
"POCO M6 Plus 5G (Ice Silver, 128 GB)","₹10,999","₹15,999","4.227,912 Ratings & 1,710 Reviews",N/A
"Motorola Edge 50 Pro 5G with 125W Charger (Caneel Bay, 256 GB)","₹29,999","₹41,999","4.456,039 Ratings & 3,762 Reviews",N/A
"Motorola g45 5G (Brilliant Green, 128 GB)","₹11,999","₹14,999","4.41,10,078 Ratings & 5,698 Reviews",N/A
"POCO C61  - Locked with Airtel Prepaid (Diamond Dust Black, 64 GB)","₹5,399","₹8,999","4.281,557 Ratings & 3,415 Reviews",N/A
"OPPO K12x 5G with 45W SUPERVOOC Charger In-The-Box (Midnight Violet, 128 GB)","₹12,999","₹16,999","4.51,38,327 Ratings & 4,998 Reviews",N/A
"vivo T3 Lite 5G (Vibrant Green, 128 GB)","₹10,499","₹14,499","4.456,091 Ratings & 1,926 Reviews",N/A
"realme C61 (Marble Black, 64 GB)","₹7,699","₹8,999","4.34,620 Ratings & 188 Reviews",N/A
"CMF by Nothing Phone 1 (Light Green, 128 GB)","₹17,499","₹21,999","4.421,404 Ratings & 1,472 Reviews",N/A
"realme C61 (Marble Black, 128 GB)","₹7,984","₹10,999","4.410,720 Ratings & 351 Reviews",N/A
"REDMI 13 5G (Hawaiian Blue, 128 GB)","₹13,440","₹19,999","4.25,698 Ratings & 318 Reviews",N/A
"CMF by Nothing Phone 1 (Blue, 128 GB)","₹15,499","₹19,999","4.465,648 Ratings & 4,763 Reviews",N/A
"CMF by Nothing Phone 1 (Orange, 128 GB)","₹15,499","₹19,999","4.465,648 Ratings & 4,763 Reviews",N/A
"POCO C75 5G (Enchanted Green, 64 GB)","₹7,999","₹10,999","4.318,553 Ratings & 1,088 Reviews",N/A
"Motorola g45 5G (Viva Magenta, 128 GB)","₹10,999","₹12,999","4.328,769 Ratings & 1,900 Reviews",N/A
"Nokia 130 Music Dual Sim, Music Player, Wireless FM Radio and Dedicated Buttons","₹1,778","₹2,199","4.18,174 Ratings & 425 Reviews",N/A
"OPPO K12x 5G with 45W SUPERVOOC Charger In-The-Box (Breeze Blue, 128 GB)","₹12,999","₹16,999","4.51,38,327 Ratings & 4,998 Reviews",N/A
"realme 14 Pro+ 5G (Bikaner Purple, 128 GB)","₹29,999","₹33,999","4.42,938 Ratings & 532 Reviews",N/A
"Motorola g45 5G (Brilliant Green, 128 GB)","₹10,999","₹12,999","4.328,769 Ratings & 1,900 Reviews",N/A
"IQOO Z9s 5G (Onyx Green, 128 GB)","₹19,740","₹25,999","4.42,532 Ratings & 163 Reviews",N/A
"Motorola Edge 50 Fusion (Forest Green, 256 GB)","₹24,999","₹27,999","4.41,19,998 Ratings & 8,413 Reviews",N/A
"Motorola g64 5G (Ice Lilac, 128 GB)","₹13,999","₹17,999","4.345,964 Ratings & 2,922 Reviews",N/A
"realme C61 (Safari Green, 64 GB)","₹7,699","₹8,999","4.34,620 Ratings & 188 Reviews",N/A
"Nokia 110 Dual Sim, Keypad Mobile with Wireless FM Radio, Bluetooth and Rear Camera","₹1,559","₹2,099","3.81,895 Ratings & 103 Reviews",N/A
"Motorola Edge 50 Pro 5G with 125W Charger (Caneel Bay, 256 GB)","₹29,999","₹41,999","4.456,039 Ratings & 3,762 Reviews",N/A
"realme P1 5G (Peacock Green, 128 GB)","₹13,999","₹20,999","4.488,702 Ratings & 5,229 Reviews",N/A
"vivo T3x 5G (Celestial Green, 128 GB)","₹13,999","₹18,999","4.51,38,327 Ratings & 5,301 Reviews",N/A
"CMF by Nothing Phone 1 (Black, 128 GB)","₹15,499","₹19,999","4.465,648 Ratings & 4,763 Reviews",N/A
Nokia 105,"₹1,248","₹1,699","3.33,143 Ratings & 191 Reviews",N/A
"realme 70 TURBO 5G (Turbo Purple, 128 GB)","₹16,389","₹20,999","4.41,889 Ratings & 165 Reviews",N/A
"SAMSUNG Galaxy M35 5G (DayBreak Blue, 128 GB)","₹14,418","₹24,499","4.410,113 Ratings & 814 Reviews",N/A
"Motorola g64 5G (Ice Lilac, 256 GB)","₹15,999","₹19,999","4.269,507 Ratings & 4,500 Reviews",N/A
"Nokia 130 Music Dual Sim, Music Player, Wireless FM Radio and Dedicated Buttons","₹1,775","₹2,199","4.18,174 Ratings & 425 Reviews",N/A
"CMF by Nothing Phone 1 (Black, 128 GB)","₹17,499","₹21,999","4.421,404 Ratings & 1,472 Reviews",N/A
"vivo T3 Pro 5G (Sandstone Orange, 256 GB)","₹24,999","₹31,999","4.548,999 Ratings & 3,371 Reviews",N/A
"Motorola g64 5G (Mint Green, 128 GB)","₹13,999","₹17,999","4.345,964 Ratings & 2,922 Reviews",N/A
"vivo V50 5G (Titanium Grey, 256 GB)","₹36,999","₹42,999",4.6536 Ratings & 75 Reviews,N/A
"realme C61 (Safari Green, 64 GB)","₹7,699","₹8,999","4.34,620 Ratings & 188 Reviews",N/A
"REDMI 13 5G (Black Diamond, 128 GB)","₹12,499","₹17,999","4.324,883 Ratings & 1,282 Reviews",N/A
"vivo T3x 5G (Sapphire Blue, 128 GB)","₹13,999","₹18,999","4.51,38,327 Ratings & 5,301 Reviews",N/A
"Infinix GT 20 Pro (Mecha Silver, 256 GB)","₹22,999","₹31,999","4.413,477 Ratings & 1,071 Reviews",N/A
"POCO M7 Pro 5G (Lavender Frost, 128 GB)","₹13,999","₹18,999","4.34,279 Ratings & 500 Reviews",N/A
"Motorola g64 5G (Mint Green, 256 GB)","₹15,999","₹19,999","4.269,507 Ratings & 4,500 Reviews",N/A
"realme P2 Pro 5G (Eagle Grey, 128 GB)","₹18,999","₹25,999","4.48,239 Ratings & 585 Reviews",N/A
"OnePlus 13R 5g (Astral Trail, 256 GB)","₹42,492","₹44,999",4.5337 Ratings & 34 Reviews,N/A
"Infinix Note 40X 5G (Starlit Black, 256 GB)","₹13,999","₹21,999","4.325,100 Ratings & 1,706 Reviews",N/A
"Nokia 110 Dual Sim, Keypad Mobile with Wireless FM Radio, Bluetooth and Rear Camera","₹1,559","₹2,099","3.81,895 Ratings & 103 Reviews",N/A
"Nothing Phone (2a) Plus (Grey, 256 GB)","₹27,499","₹29,999","4.411,160 Ratings & 821 Reviews",N/A
"REDMI 13C 5G (Starlight Black, 128 GB)","₹9,999","₹13,999","4.341,550 Ratings & 1,687 Reviews",N/A
"REDMI 13c 5G (Startrail Green, 128 GB)","₹10,994","₹15,999","4.335,629 Ratings & 1,536 Reviews",N/A
"OnePlus Nord CE4 (Celadon Marble, 256 GB)","₹26,580","₹26,999","4.519,363 Ratings & 1,112 Reviews",N/A
"REDMI 13 5G (Orchid Pink, 128 GB)","₹12,499","₹17,999","4.324,883 Ratings & 1,282 Reviews",N/A
"Apple iPhone 13 (Blue, 128 GB)","₹44,999","₹49,900","4.62,87,779 Ratings & 13,785 Reviews",N/A
"Nokia 106-SS-1578,32 MB,1000 mAh Battery.","₹1,219","₹1,699","41,114 Ratings & 56 Reviews",N/A
"realme C63 5G (Forest Green, 128 GB)","₹11,285","₹14,999","4.52,970 Ratings & 104 Reviews",N/A
"REDMI 13 5G (Black Diamond, 128 GB)","₹13,999","₹19,999","4.25,698 Ratings & 318 Reviews",N/A
"vivo T3 Pro 5G (Sandstone Orange, 256 GB)","₹24,999","₹31,999","4.548,999 Ratings & 3,371 Reviews",N/A
"vivo V50 5G (Titanium Grey, 256 GB)","₹36,999","₹42,999",4.6536 Ratings & 75 Reviews,N/A
"Tecno Spark Go 1 (Magic Skin Green, 64 GB)","₹6,876","₹8,599",4.3320 Ratings & 22 Reviews,N/A
"realme C63 5G (Forest Green, 128 GB)","₹11,284","₹14,999","4.52,970 Ratings & 104 Reviews",N/A
"realme C65 5G (Glowing Black, 128 GB)","₹11,245","₹15,999","4.411,998 Ratings & 499 Reviews",N/A
"Infinix Hot 50 5G (Sage Green, 128 GB)","₹10,999","₹14,999","4.412,061 Ratings & 923 Reviews",N/A
"realme P1 5G (Feather Blue, 128 GB)","₹14,999","₹21,999","4.445,981 Ratings & 2,571 Reviews",N/A
"OnePlus Nord CE4 (Celadon Marble, 256 GB)","₹26,499","₹26,999","4.519,363 Ratings & 1,112 Reviews",N/A
"OPPO K12x 5G with 45W SUPERVOOC Charger In-The-Box (Midnight Violet, 256 GB)","₹15,999","₹18,999","4.417,500 Ratings & 792 Reviews",N/A
"realme C63 5G Charger in the Box (Forest Green, 128 GB)","₹12,999","₹14,999","4.52,970 Ratings & 104 Reviews",N/A
"realme 70 TURBO 5G (Turbo Purple, 128 GB)","₹15,160","₹19,999","4.32,550 Ratings & 211 Reviews",N/A
"Motorola g64 5G (Pearl Blue, 128 GB)","₹13,999","₹17,999","4.345,964 Ratings & 2,922 Reviews",N/A
"Motorola g64 5G (Berry Red, 128 GB)","₹13,999","₹17,999","4.345,964 Ratings & 2,922 Reviews",N/A
"realme NARZO 70X 5G (Ice Blue, 128 GB)","₹12,790","₹18,999","4.32,141 Ratings & 108 Reviews",N/A
"realme P2 Pro 5G (Eagle Grey, 512 GB)","₹22,999","₹30,999","4.47,468 Ratings & 627 Reviews",N/A
"vivo T3 Ultra (Lunar Gray, 128 GB)","₹29,999","₹35,999","4.512,304 Ratings & 1,093 Reviews",N/A
"realme GT 6 (Razor Green, 512 GB)","₹37,999","₹51,999","4.53,627 Ratings & 412 Reviews",N/A
Jmax DELUXE 6,₹599,₹999,4224 Ratings & 11 Reviews,N/A
"Tecno Spark Go 1 (Startrail Black, 64 GB)","₹7,290","₹8,999","4.33,586 Ratings & 177 Reviews",N/A
"Motorola g64 5G (Berry Red, 256 GB)","₹15,999","₹19,999","4.269,507 Ratings & 4,500 Reviews",N/A
"OnePlus Nord 4 5G (Obsidian Midnight, 128 GB)","₹27,886","₹29,999","4.41,425 Ratings & 85 Reviews",N/A
"OnePlus Nord CE 3 Lite 5G (Pastel Lime, 256 GB)","₹21,990","₹21,999","4.41,60,498 Ratings & 8,240 Reviews",N/A
"Apple iPhone 14 (Purple, 128 GB)","₹54,999","₹59,900","4.63,10,244 Ratings & 11,674 Reviews",N/A
"realme C61 (Safari Green, 64 GB)","₹7,274","₹8,999","4.34,620 Ratings & 188 Reviews",N/A
"vivo T3 Pro 5G (Sandstone Orange, 256 GB)","₹24,999","₹31,999","4.548,999 Ratings & 3,371 Reviews",N/A
"vivo V50 5G (Titanium Grey, 256 GB)","₹36,999","₹42,999",4.6536 Ratings & 75 Reviews,N/A
"Motorola g64 5G (Mint Green, 128 GB)","₹13,999","₹17,999","4.345,964 Ratings & 2,922 Reviews",N/A
"realme Narzo N61 (Marble Black, 128 GB)","₹8,980","₹9,525","4.21,112 Ratings & 46 Reviews",N/A
"vivo T3 Pro 5G (Emerald Green, 128 GB)","₹22,999","₹29,999","4.548,999 Ratings & 3,371 Reviews",N/A
"Apple iPhone 15 (Black, 256 GB)","₹74,999","₹79,900","4.62,47,011 Ratings & 8,985 Reviews",N/A
"Motorola Edge 50 Pro 5G with 68W Charger (Luxe Lavender, 256 GB)","₹27,999","₹36,999","4.433,390 Ratings & 2,959 Reviews",N/A
LAVA A1 Josh BOL Keypad Mobile|1000 mAh Battery|Expandable Storage 32GB,₹980,"₹1,399","416,101 Ratings & 719 Reviews",N/A
"vivo T3 5G (Crystal Flake, 256 GB)","₹19,999","₹24,999","4.41,07,611 Ratings & 6,891 Reviews",N/A
"realme C63 5G Charger in the Box (Forest Green, 128 GB)","₹12,999","₹14,999","4.52,970 Ratings & 104 Reviews",N/A
"realme P1 5G (Phoenix Red, 128 GB)","₹14,999","₹21,999","4.445,981 Ratings & 2,571 Reviews",N/A
"realme P1 5G (Phoenix Red, 128 GB)","₹13,999","₹20,999","4.488,702 Ratings & 5,229 Reviews",N/A
"realme C63 5G Charger in the Box (Forest Green, 128 GB)","₹10,999","₹12,999","4.44,635 Ratings & 205 Reviews",N/A
"Apple iPhone 14 (Starlight, 512 GB)","₹84,999","₹89,900","4.63,10,244 Ratings & 11,674 Reviews",N/A
"REDMI 13 5G (Hawaiian Blue, 128 GB)","₹13,440","₹19,999","4.25,698 Ratings & 318 Reviews",N/A
"REDMI A4 5G only on Jio SIM (Starry Black, 64 GB)","₹9,047","₹10,999","4.32,611 Ratings & 159 Reviews",N/A
"Apple iPhone 15 (Black, 128 GB)","₹64,999","₹69,900","4.62,47,011 Ratings & 8,985 Reviews",N/A
"Apple iPhone 15 Plus (Black, 128 GB)","₹68,999","₹79,900","4.641,942 Ratings & 2,385 Reviews",N/A
"Apple iPhone 14 Plus (Starlight, 128 GB)","₹69,900",N/A,"4.685,274 Ratings & 4,753 Reviews",N/A
"POCO C61 (Diamond Dust Black, 128 GB)","₹8,499","₹9,999","4.210,141 Ratings & 348 Reviews",N/A
"CMF by Nothing Phone 1 (Light Green, 128 GB)","₹15,499","₹19,999","4.465,648 Ratings & 4,763 Reviews",N/A
"REDMI A4 5G only on Jio SIM (Sparkle Purple, 64 GB)","₹8,980","₹10,999","4.32,611 Ratings & 159 Reviews",N/A
"realme P1 5G (Feather Blue, 128 GB)","₹14,999","₹21,999","4.445,981 Ratings & 2,571 Reviews",N/A
"Nothing Phone (2a) 5G (Black, 256 GB)","₹23,999","₹27,999","4.485,596 Ratings & 7,127 Reviews",N/A
"vivo T3 Pro 5G (Sandstone Orange, 256 GB)","₹24,999","₹31,999","4.548,999 Ratings & 3,371 Reviews",N/A
"Apple iPhone 14 (Starlight, 256 GB)","₹64,999","₹69,900","4.63,10,244 Ratings & 11,674 Reviews",N/A
"vivo V50 5G (Titanium Grey, 256 GB)","₹36,999","₹42,999",4.6536 Ratings & 75 Reviews,N/A
"CMF by Nothing Phone 1 (Orange, 128 GB)","₹15,499","₹19,999","4.465,648 Ratings & 4,763 Reviews",N/A
"CMF by Nothing Phone 1 (Black, 128 GB)","₹15,499","₹19,999","4.465,648 Ratings & 4,763 Reviews",N/A
"CMF by Nothing Phone 1 (Blue, 128 GB)","₹15,499","₹19,999","4.465,648 Ratings & 4,763 Reviews",N/A
"Nothing Phone (2a) 5G (Blue, 256 GB)","₹25,999","₹29,999","4.413,447 Ratings & 1,082 Reviews",N/A
"POCO C61 (Mystical Green, 64 GB)","₹5,899","₹8,999","4.281,557 Ratings & 3,415 Reviews",N/A
"Apple iPhone 15 Plus (Pink, 256 GB)","₹78,999","₹89,900","4.641,942 Ratings & 2,385 Reviews",N/A
"Nothing Phone (2a) 5G (White, 256 GB)","₹27,999","₹29,999","4.413,447 Ratings & 1,082 Reviews",N/A
"SAMSUNG Galaxy S24+ 5G (Cobalt Violet, 256 GB)","₹62,999","₹99,999","4.55,180 Ratings & 392 Reviews",N/A
"Apple iPhone 15 (Pink, 256 GB)","₹74,999","₹79,900","4.62,47,011 Ratings & 8,985 Reviews",N/A
"Apple iPhone 15 Plus (Pink, 128 GB)","₹68,999","₹79,900","4.641,942 Ratings & 2,385 Reviews",N/A
"Nothing Phone (2a) 5G (White, 128 GB)","₹21,999","₹25,999","4.485,596 Ratings & 7,127 Reviews",N/A
"REDMI A4 5G only on Jio SIM (Starry Black, 128 GB)","₹9,872","₹11,999","4.32,611 Ratings & 159 Reviews",N/A
"REDMI 13 5G (Black Diamond, 128 GB)","₹15,999","₹19,999","4.25,698 Ratings & 318 Reviews",N/A
"Nokia 105 Single SIM, Keypad Mobile Phone with Wireless FM Radio","₹1,237","₹1,599","41,39,561 Ratings & 8,496 Reviews",N/A
"MOTOROLA g35 5G (Guava Red, 128 GB)","₹9,999","₹12,499","4.221,772 Ratings & 1,895 Reviews",N/A
"MOTOROLA Edge 50 (Koala Grey, 256 GB)","₹21,999","₹32,999","4.322,302 Ratings & 1,632 Reviews",N/A
"CMF by Nothing Phone 1 (Light Green, 128 GB)","₹17,499","₹21,999","4.421,404 Ratings & 1,472 Reviews",N/A
"CMF by Nothing Phone 1 (Blue, 128 GB)","₹17,499","₹21,999","4.421,404 Ratings & 1,472 Reviews",N/A
"CMF by Nothing Phone 1 (Black, 128 GB)","₹17,499","₹21,999","4.421,404 Ratings & 1,472 Reviews",N/A
"Google Pixel 8a (Porcelain, 128 GB)","₹37,999","₹52,999","4.33,095 Ratings & 284 Reviews",N/A
"Apple iPhone 15 (Pink, 128 GB)","₹64,999","₹69,900","4.62,47,011 Ratings & 8,985 Reviews",N/A
"Apple iPhone 15 (Pink, 128 GB)","₹64,999","₹69,900","4.62,47,011 Ratings & 8,985 Reviews",N/A
"Apple iPhone 13 (Starlight, 512 GB)","₹74,999","₹79,900","4.62,87,779 Ratings & 13,785 Reviews",N/A
"vivo T3 Pro 5G (Sandstone Orange, 256 GB)","₹24,999","₹31,999","4.548,999 Ratings & 3,371 Reviews",N/A
"vivo V50 5G (Titanium Grey, 256 GB)","₹36,999","₹42,999",4.6536 Ratings & 75 Reviews,N/A
"Infinix Hot 50 5G (Dreamy Purple, 128 GB)","₹10,999","₹14,999","4.412,061 Ratings & 923 Reviews",N/A
"Motorola Edge 50 Pro 5G with 125W Charger (Caneel Bay, 256 GB)","₹29,999","₹41,999","4.456,039 Ratings & 3,762 Reviews",N/A
Kechaoda A26,₹894,"₹1,499","425,692 Ratings & 1,496 Reviews",N/A
"Nothing Phone (2a) 5G (Black, 256 GB)","₹25,999","₹29,999","4.413,447 Ratings & 1,082 Reviews",N/A
"Infinix Hot 50 5G (Dreamy Purple, 128 GB)","₹9,499","₹12,999","4.33,490 Ratings & 282 Reviews",N/A
"IQOO Z9s 5G (Onyx Green, 128 GB)","₹19,740","₹25,999","4.42,532 Ratings & 163 Reviews",N/A
"Nothing Phone (2a) 5G (Blue, 256 GB)","₹23,999","₹27,999","4.485,596 Ratings & 7,127 Reviews",N/A
"Nothing Phone (2a) 5G (Special Edition, 256 GB)","₹25,999","₹27,999","4.485,596 Ratings & 7,127 Reviews",N/A
"realme P1 5G (Phoenix Red, 256 GB)","₹15,999","₹22,999","4.445,981 Ratings & 2,571 Reviews",N/A
"SAMSUNG M05 (Mint Green, 64 GB)","₹6,965","₹9,999","4.31,208 Ratings & 57 Reviews",N/A
"Nothing Phone (2a) 5G (Blue, 128 GB)","₹21,999","₹25,999","4.485,596 Ratings & 7,127 Reviews",N/A
"Nokia 105 Single SIM, Keypad Mobile Phone with Wireless FM Radio","₹1,199","₹1,599","41,39,561 Ratings & 8,496 Reviews",N/A
"Infinix Note 40X 5G (Palm Blue, 256 GB)","₹12,999","₹19,999","4.23,238 Ratings & 204 Reviews",N/A
"Motorola Edge 50 Pro 5G with 68W Charger (Black Beauty, 256 GB)","₹27,999","₹36,999","4.433,390 Ratings & 2,959 Reviews",N/A
"realme C63 5G (Forest Green, 128 GB)","₹11,284","₹14,999","4.52,970 Ratings & 104 Reviews",N/A
"realme P2 Pro 5G (Parrot Green, 256 GB)","₹19,999","₹27,999","4.47,468 Ratings & 627 Reviews",N/A
"Motorola Edge 50 Neo (PANTONE Latte, 256 GB)","₹20,999","₹29,999","4.420,026 Ratings & 2,034 Reviews",N/A
"Infinix Hot 50 5G (Sleek Black, 128 GB)","₹10,999","₹14,999","4.412,061 Ratings & 923 Reviews",N/A
"Infinix Hot 50 5G (Vibrant Blue, 128 GB)","₹10,999","₹14,999","4.412,061 Ratings & 923 Reviews",N/A
"Infinix Hot 50 5G (Sage Green, 128 GB)","₹10,999","₹14,999","4.412,061 Ratings & 923 Reviews",N/A
"realme C61 (Marble Black, 128 GB)","₹7,984","₹10,999","4.410,720 Ratings & 351 Reviews",N/A
"Infinix Hot 50 5G (Sleek Black, 128 GB)","₹9,499","₹12,999","4.33,490 Ratings & 282 Reviews",N/A
"vivo T3 Pro 5G (Sandstone Orange, 256 GB)","₹24,999","₹31,999","4.548,999 Ratings & 3,371 Reviews",N/A
"Infinix Hot 50 5G (Sage Green, 128 GB)","₹9,499","₹12,999","4.33,490 Ratings & 282 Reviews",N/A
"vivo V50 5G (Titanium Grey, 256 GB)","₹36,999","₹42,999",4.6536 Ratings & 75 Reviews,N/A
"Infinix Hot 50 5G (Vibrant Blue, 128 GB)","₹9,499","₹12,999","4.33,490 Ratings & 282 Reviews",N/A
Kechaoda A27,₹898,"₹1,499","413,073 Ratings & 780 Reviews",N/A
"SAMSUNG Galaxy M35 5G (Thunder Grey, 256 GB)","₹20,888","₹27,499",4.3760 Ratings & 52 Reviews,N/A
"Google Pixel 8a (Obsidian, 128 GB)","₹37,999","₹52,999","4.33,095 Ratings & 284 Reviews",N/A
Kechaoda A27,₹894,"₹1,499","413,073 Ratings & 780 Reviews",N/A
"realme P2 Pro 5G (Eagle Grey, 512 GB)","₹22,999","₹30,999","4.47,468 Ratings & 627 Reviews",N/A
"Apple iPhone 16 Pro (Desert Titanium, 1 TB)","₹1,62,900","₹1,69,900","4.71,102 Ratings & 62 Reviews",N/A
"vivo T3 Ultra (Frost Green, 128 GB)","₹29,999","₹35,999","4.512,304 Ratings & 1,093 Reviews",N/A
"vivo T3 Ultra (Lunar Gray, 256 GB)","₹31,999","₹37,999","4.512,304 Ratings & 1,093 Reviews",N/A
"Apple iPhone 16 Pro Max (Desert Titanium, 256 GB)","₹1,35,900","₹1,44,900",4.6545 Ratings & 42 Reviews,N/A
"Apple iPhone 16 Pro (Desert Titanium, 512 GB)","₹1,42,900","₹1,49,900","4.71,102 Ratings & 62 Reviews",N/A
"realme C61 (Marble Black, 64 GB)","₹7,699","₹8,999","4.34,620 Ratings & 188 Reviews",N/A
"realme 70 TURBO 5G (Turbo Purple, 128 GB)","₹15,160","₹19,999","4.32,550 Ratings & 211 Reviews",N/A
"OnePlus Nord CE4 lite 5G (ULTRA ORANGE, 256 GB)","₹21,595","₹23,999","4.411,970 Ratings & 578 Reviews",N/A
"SAMSUNG Galaxy S24+ 5G (Onyx Black, 256 GB)","₹62,999","₹99,999","4.55,180 Ratings & 392 Reviews",N/A
"OnePlus Nord CE4 lite 5G (MEGA BLUE, 256 GB)","₹21,699","₹23,999","4.411,970 Ratings & 578 Reviews",N/A
"realme C61 (Safari Green, 128 GB)","₹8,199","₹10,999","4.410,720 Ratings & 351 Reviews",N/A
"realme 70 TURBO 5G (Turbo Yellow, 128 GB)","₹16,304","₹20,999","4.41,889 Ratings & 165 Reviews",N/A
"realme 70 TURBO 5G (Turbo Green, 256 GB)","₹19,799","₹23,999",4.3307 Ratings & 12 Reviews,N/A
"vivo T3 Pro 5G (Sandstone Orange, 256 GB)","₹24,999","₹31,999","4.548,999 Ratings & 3,371 Reviews",N/A
"vivo V50 5G (Titanium Grey, 256 GB)","₹36,999","₹42,999",4.6536 Ratings & 75 Reviews,N/A
"CMF by Nothing Phone 1 (Orange, 128 GB)","₹17,499","₹21,999","4.421,404 Ratings & 1,472 Reviews",N/A
"OnePlus Nord CE4 (Dark Chrome, 256 GB)","₹24,500","₹26,999","4.519,363 Ratings & 1,112 Reviews",N/A
"OnePlus Nord CE4 lite 5G (ULTRA ORANGE, 128 GB)","₹17,199","₹20,999","4.411,970 Ratings & 578 Reviews",N/A
"Apple iPhone 15 (Black, 512 GB)","₹84,999","₹99,900","4.62,47,011 Ratings & 8,985 Reviews",N/A
"realme P1 5G (Peacock Green, 128 GB)","₹14,468","₹20,999","4.488,702 Ratings & 5,229 Reviews",N/A
"Apple iPhone 14 Plus (Starlight, 256 GB)","₹79,900",N/A,"4.685,274 Ratings & 4,753 Reviews",N/A
"Nothing Phone (2a) 5G (Special Edition, 256 GB)","₹27,999","₹29,999","4.413,447 Ratings & 1,082 Reviews",N/A
"Apple iPhone 14 Plus (Starlight, 512 GB)","₹99,900",N/A,"4.685,274 Ratings & 4,753 Reviews",N/A
"Apple iPhone 14 (Starlight, 128 GB)","₹54,999","₹59,900","4.63,10,244 Ratings & 11,674 Reviews",N/A
"OnePlus Nord N30 5G (Chromatic Gray, 128 GB)","₹18,499","₹24,999",4.158 Ratings & 3 Reviews,N/A
"Apple iPhone 15 Plus (Pink, 512 GB)","₹98,999","₹1,09,900","4.641,942 Ratings & 2,385 Reviews",N/A
"Apple iPhone 15 (Pink, 512 GB)","₹84,999","₹99,900","4.62,47,011 Ratings & 8,985 Reviews",N/A
"Apple iPhone 13 mini (Starlight, 512 GB)","₹94,900",N/A,"4.53,845 Ratings & 330 Reviews",N/A
"Apple iPhone 13 (Starlight, 512 GB)","₹74,999","₹79,900","4.62,87,779 Ratings & 13,785 Reviews",N/A
"Apple iPhone 13 mini (Starlight, 128 GB)","₹49,900","₹64,900","4.53,845 Ratings & 330 Reviews",N/A
"Apple iPhone 13 (Starlight, 256 GB)","₹54,999","₹59,900","4.62,87,779 Ratings & 13,785 Reviews",N/A
"Infinix Note 40X 5G (Starlit Black, 256 GB)","₹12,999","₹19,999","4.23,238 Ratings & 204 Reviews",N/A
"Apple iPhone 13 (Starlight, 128 GB)","₹44,999","₹49,900","4.62,87,779 Ratings & 13,785 Reviews",N/A
"SAMSUNG Galaxy S24+ 5G (Onyx Black, 512 GB)","₹1,04,999","₹1,09,999","4.55,180 Ratings & 392 Reviews",N/A
"Apple iPhone 16 Pro Max (Desert Titanium, 1 TB)","₹1,75,900","₹1,84,900",4.6545 Ratings & 42 Reviews,N/A
"SAMSUNG Galaxy F15 5G (Jazzy Green, 128 GB)","₹14,999","₹17,999","4.23,989 Ratings & 232 Reviews",N/A
"Apple iPhone 16 Pro Max (Desert Titanium, 512 GB)","₹1,55,900","₹1,64,900",4.6545 Ratings & 42 Reviews,N/A
"vivo T3 Pro 5G (Sandstone Orange, 256 GB)","₹24,999","₹31,999","4.548,999 Ratings & 3,371 Reviews",N/A
"vivo V50 5G (Titanium Grey, 256 GB)","₹36,999","₹42,999",4.6536 Ratings & 75 Reviews,N/A
"Apple iPhone 14 Plus (Purple, 512 GB)","₹99,900",N/A,"4.685,274 Ratings & 4,753 Reviews",N/A
"REDMI Note 13 Pro+ 5G (Fusion Purple, 256 GB)","₹26,999","₹35,999","4.210,350 Ratings & 931 Reviews",N/A
Kechaoda A26,₹890,"₹1,499","425,692 Ratings & 1,496 Reviews",N/A
"Apple iPhone 14 (Purple, 128 GB)","₹54,999","₹59,900","4.63,10,244 Ratings & 11,674 Reviews",N/A
"MOTOROLA Edge 50 (Peach Fuzz, 256 GB)","₹21,999","₹32,999","4.322,302 Ratings & 1,632 Reviews",N/A
"realme C61 (Marble Black, 128 GB)","₹8,199","₹10,999","4.410,720 Ratings & 351 Reviews",N/A
"OnePlus 13R 5g (Astral Trail, 256 GB)","₹42,400","₹44,999",4.5337 Ratings & 34 Reviews,N/A
"Google Pixel 8a (Obsidian, 256 GB)","₹44,999","₹59,999","4.33,095 Ratings & 284 Reviews",N/A
"Tecno Spark Go 1 (Magic Skin Green, 64 GB)","₹6,876","₹8,599",4.3320 Ratings & 22 Reviews,N/A
"Tecno Spark Go 1 (Startrail Black, 64 GB)","₹7,290","₹8,999","4.33,586 Ratings & 177 Reviews",N/A
"Nothing Phone (2a) Plus (Grey, 256 GB)","₹27,499","₹29,999","4.411,160 Ratings & 821 Reviews",N/A
"IQOO Z9s 5G (Titanium Matte, 128 GB)","₹19,800","₹25,999","4.42,532 Ratings & 163 Reviews",N/A
"SAMSUNG Galaxy M35 5G (Thunder Grey, 128 GB)","₹14,455","₹24,499","4.410,113 Ratings & 814 Reviews",N/A
"Nokia 106-SS-1578,32 MB,1000 mAh Battery.","₹1,219","₹1,699","41,114 Ratings & 56 Reviews",N/A
"Infinix GT 20 Pro (Mecha Orange, 256 GB)","₹22,999","₹31,999","4.413,477 Ratings & 1,071 Reviews",N/A
"Apple iPhone 13 mini (Midnight, 512 GB)","₹94,900",N/A,"4.53,845 Ratings & 330 Reviews",N/A
"POCO X6 Pro 5G (Yellow, 512 GB)","₹28,999","₹32,999","4.315,886 Ratings & 1,795 Reviews",N/A
"REDMI 13c 5G (Startrail Green, 128 GB)","₹10,489","₹13,999","4.341,550 Ratings & 1,687 Reviews",N/A
"IQOO Z9x (Storm Grey, 128 GB)","₹11,609","₹17,999","4.21,560 Ratings & 79 Reviews",N/A
"Apple iPhone 15 (Blue, 512 GB)","₹84,999","₹99,900","4.62,47,011 Ratings & 8,985 Reviews",N/A
"Apple iPhone 13 (Midnight, 512 GB)","₹74,999","₹79,900","4.62,87,779 Ratings & 13,785 Reviews",N/A
"OnePlus Nord CE4 (Dark Chrome, 256 GB)","₹26,845","₹26,999","4.519,363 Ratings & 1,112 Reviews",N/A
"vivo T3 Pro 5G (Sandstone Orange, 256 GB)","₹24,999","₹31,999","4.548,999 Ratings & 3,371 Reviews",N/A
"OnePlus Nord CE4 lite 5G (ULTRA ORANGE, 128 GB)","₹17,120","₹20,999","4.411,970 Ratings & 578 Reviews",N/A
"vivo V50 5G (Titanium Grey, 256 GB)","₹36,999","₹42,999",4.6536 Ratings & 75 Reviews,N/A
"realme P2 Pro 5G (Parrot Green, 128 GB)","₹18,999","₹25,999","4.48,239 Ratings & 585 Reviews",N/A
"realme C63 5G (Starry Gold, 128 GB)","₹11,938","₹14,999","4.52,970 Ratings & 104 Reviews",N/A
"realme 14x 5G (Golden Glow, 128 GB)","₹15,999","₹17,999","4.41,972 Ratings & 99 Reviews",N/A
"IQOO Z9x (Storm Grey, 128 GB)","₹11,990","₹17,999","4.21,560 Ratings & 79 Reviews",N/A
"SAMSUNG Galaxy A05 (Light Green, 128 GB)","₹8,092","₹14,999",4.3468 Ratings & 21 Reviews,N/A
"OnePlus 13R 5G (Nebula Noir, 256 GB)","₹41,995","₹44,999",4.5337 Ratings & 34 Reviews,N/A
"Apple iPhone 14 Plus (Purple, 512 GB)","₹99,900",N/A,"4.685,274 Ratings & 4,753 Reviews",N/A
"REDMI Note 13 Pro+ 5G (Fusion Purple, 256 GB)","₹26,999","₹35,999","4.210,350 Ratings & 931 Reviews",N/A
"OnePlus Nord CE4 lite 5G (MEGA BLUE, 128 GB)","₹17,899","₹20,999","4.411,970 Ratings & 578 Reviews",N/A
"OnePlus Nord CE4 lite 5G (SUPER SILVER, 128 GB)","₹18,199","₹20,999","4.411,970 Ratings & 578 Reviews",N/A
Kechaoda A26,₹890,"₹1,499","425,692 Ratings & 1,496 Reviews",N/A
"Apple iPhone 14 (Purple, 128 GB)","₹54,999","₹59,900","4.63,10,244 Ratings & 11,674 Reviews",N/A
"MOTOROLA Edge 50 (Peach Fuzz, 256 GB)","₹21,999","₹32,999","4.322,302 Ratings & 1,632 Reviews",N/A
"realme C61 (Marble Black, 128 GB)","₹8,199","₹10,999","4.410,720 Ratings & 351 Reviews",N/A
"Google Pixel 8a (Obsidian, 256 GB)","₹44,999","₹59,999","4.33,095 Ratings & 284 Reviews",N/A
"Tecno Spark Go 1 (Magic Skin Green, 64 GB)","₹6,876","₹8,599",4.3320 Ratings & 22 Reviews,N/A
"Tecno Spark Go 1 (Startrail Black, 64 GB)","₹7,290","₹8,999","4.33,586 Ratings & 177 Reviews",N/A
"Nothing Phone (2a) Plus (Grey, 256 GB)","₹27,499","₹29,999","4.411,160 Ratings & 821 Reviews",N/A
"IQOO Z9s 5G (Titanium Matte, 128 GB)","₹19,799","₹25,999","4.42,532 Ratings & 163 Reviews",N/A
"Nokia 106-SS-1578,32 MB,1000 mAh Battery.","₹1,219","₹1,699","41,114 Ratings & 56 Reviews",N/A
"Infinix GT 20 Pro (Mecha Orange, 256 GB)","₹22,999","₹31,999","4.413,477 Ratings & 1,071 Reviews",N/A
"Nokia 106-SS-1578,32 MB,1000 mAh Battery.","₹1,219","₹1,699","41,114 Ratings & 56 Reviews",N/A
"Infinix GT 20 Pro (Mecha Orange, 256 GB)","₹22,999","₹31,999","4.413,477 Ratings & 1,071 Reviews",N/A
"vivo T3 Pro 5G (Sandstone Orange, 256 GB)","₹24,999","₹31,999","4.548,999 Ratings & 3,371 Reviews",N/A
"vivo V50 5G (Titanium Grey, 256 GB)","₹36,999","₹42,999",4.6536 Ratings & 75 Reviews,N/A
"Apple iPhone 13 mini (Midnight, 512 GB)","₹94,900",N/A,"4.53,845 Ratings & 330 Reviews",N/A
"POCO X6 Pro 5G (Yellow, 512 GB)","₹28,999","₹32,999","4.315,886 Ratings & 1,795 Reviews",N/A
"Apple iPhone 15 (Blue, 512 GB)","₹84,999","₹99,900","4.62,47,011 Ratings & 8,985 Reviews",N/A
"Apple iPhone 13 (Midnight, 512 GB)","₹74,999","₹79,900","4.62,87,779 Ratings & 13,785 Reviews",N/A
"IQOO Z9X (Storm Grey, 128 GB)","₹18,499","₹19,999","4.41,562 Ratings & 54 Reviews",N/A
"IQOO z9x (Storm Grey, 128 GB)","₹13,988","₹18,999","4.45,604 Ratings & 278 Reviews",N/A
"vivo T3 Ultra (Frost Green, 256 GB)","₹31,999","₹37,999","4.512,304 Ratings & 1,093 Reviews",N/A
"IQOO z9x (Tornado Green, 128 GB)","₹13,647","₹18,999","4.45,604 Ratings & 278 Reviews",N/A
Jio PRIMA2 4G,"₹3,199","₹4,199",4563 Ratings & 19 Reviews,N/A
"SAMSUNG Galaxy M35 5G (Moonlight Blue, 128 GB)","₹16,940","₹25,999",4.3760 Ratings & 52 Reviews,N/A
"Apple iPhone 14 Plus (Purple, 128 GB)","₹69,900",N/A,"4.685,274 Ratings & 4,753 Reviews",N/A
"Apple iPhone 13 mini (Midnight, 256 GB)","₹64,900","₹74,900","4.53,845 Ratings & 330 Reviews",N/A
"Google Pixel 9 (Porcelain, 256 GB)","₹74,999","₹79,999","4.62,245 Ratings & 237 Reviews",N/A
"Apple iPhone 13 mini (Midnight, 128 GB)","₹49,900","₹64,900","4.53,845 Ratings & 330 Reviews",N/A
"Infinix Note 40 Pro 5G (Vintage Green, 256 GB)","₹19,999","₹27,999","4.235,733 Ratings & 2,401 Reviews",N/A
"Infinix GT 20 Pro (Mecha Orange, 256 GB)","₹25,999","₹34,999","4.37,630 Ratings & 538 Reviews",N/A
"Infinix GT 20 Pro (Mecha Blue, 256 GB)","₹25,999","₹34,999","4.37,630 Ratings & 538 Reviews",N/A
"REDMI 13 5G (Orchid Pink, 128 GB)","₹12,499","₹17,999","4.324,883 Ratings & 1,282 Reviews",N/A
"Tecno Spark Go 1 (Glittery White, 64 GB)","₹6,876","₹8,599",4.3320 Ratings & 22 Reviews,N/A
"Apple iPhone 15 (Blue, 128 GB)","₹64,999","₹69,900","4.62,47,011 Ratings & 8,985 Reviews",N/A
"Google Pixel 8a (Aloe, 128 GB)","₹37,999","₹52,999","4.33,095 Ratings & 284 Reviews",N/A
"REDMI 13 5G (Orchid Pink, 128 GB)","₹12,071","₹17,999","4.324,883 Ratings & 1,282 Reviews",N/A
"vivo T3 Pro 5G (Sandstone Orange, 256 GB)","₹24,999","₹31,999","4.548,999 Ratings & 3,371 Reviews",N/A
"Google Pixel 9 (Obsidian, 256 GB)","₹74,999","₹79,999","4.62,245 Ratings & 237 Reviews",N/A
"vivo V50 5G (Titanium Grey, 256 GB)","₹36,999","₹42,999",4.6536 Ratings & 75 Reviews,N/A
"Infinix SMART 9 HD (Metallic Black, 64 GB)","₹6,699","₹8,999",4.2394 Ratings & 35 Reviews,N/A
"Infinix SMART 9 HD (Coral Gold, 64 GB)","₹6,699","₹8,999",4.2394 Ratings & 35 Reviews,N/A
"Infinix SMART 9 HD (Neo Titanium, 64 GB)","₹6,699","₹8,999",4.2394 Ratings & 35 Reviews,N/A
"realme 14x 5G (Golden Glow, 128 GB)","₹14,999","₹16,999","4.33,748 Ratings & 190 Reviews",N/A
"Motorola Edge 50 Pro 5G with 68W Charger (Vanilla Cream, 256 GB)","₹27,999","₹36,999","4.433,390 Ratings & 2,959 Reviews",N/A
LAVA A3 Vibe DS Keypad Mobile| 1750 mAh Battery|Expandable Storage 32GB,"₹1,199","₹1,649","4.13,326 Ratings & 186 Reviews",N/A
LAVA A3 Vibe DS Keypad Mobile| 1750 mAh Battery|Expandable Storage 32GB,"₹1,199","₹1,599","4.22,326 Ratings & 157 Reviews",N/A
"REDMI 13c 5G (Starlight Black, 128 GB)","₹10,399","₹13,999","4.341,550 Ratings & 1,687 Reviews",N/A
"Apple iPhone 15 Plus (Blue, 512 GB)","₹98,999","₹1,09,900","4.641,942 Ratings & 2,385 Reviews",N/A
"OnePlus 13R 5G (Nebula Noir, 512 GB)","₹46,786","₹51,999",4.463 Ratings & 7 Reviews,N/A
"Apple iPhone 16 Pro (Black Titanium, 1 TB)","₹1,62,900","₹1,69,900","4.71,102 Ratings & 62 Reviews",N/A
"REDMI 13c 5G (Starlight Black, 256 GB)","₹13,000","₹17,999","4.27,990 Ratings & 401 Reviews",N/A
"REDMI 13C 5G (Startrail Green, 256 GB)","₹13,299","₹17,999","4.27,990 Ratings & 401 Reviews",N/A
"SAMSUNG Galaxy S25 Ultra 5G (Titanium Black, 256 GB)","₹1,29,999",N/A,4.7996 Ratings & 131 Reviews,N/A
"REDMI 13C 5G (Starlight Black, 256 GB)","₹13,299","₹17,999","4.27,990 Ratings & 401 Reviews",N/A
"realme GT 6 (Razor Green, 256 GB)","₹37,999","₹46,999",4.4927 Ratings & 95 Reviews,N/A
"Apple iPhone 15 Plus (Blue, 128 GB)","₹68,999","₹79,900","4.641,942 Ratings & 2,385 Reviews",N/A
"Nokia 130 Music Dual Sim, Music Player, Wireless FM Radio and Dedicated Music Buttons","₹1,849","₹2,199","4.16,465 Ratings & 358 Reviews",N/A
"OnePlus Nord CE 3 Lite 5G (Pastel Lime, 256 GB)","₹21,799","₹22,025","4.41,60,498 Ratings & 8,240 Reviews",N/A
"vivo T3 Pro 5G (Sandstone Orange, 256 GB)","₹24,999","₹31,999","4.548,999 Ratings & 3,371 Reviews",N/A
"vivo V50 5G (Titanium Grey, 256 GB)","₹36,999","₹42,999",4.6536 Ratings & 75 Reviews,N/A
"Apple iPhone 16 Pro (Black Titanium, 512 GB)","₹1,42,900","₹1,49,900","4.71,102 Ratings & 62 Reviews",N/A
"POCO M6 Plus 5G (Ice Silver, 128 GB)","₹10,999","₹15,999","4.227,912 Ratings & 1,710 Reviews",N/A
"realme NARZO 70X 5G (FOREST GREEN, 128 GB)","₹11,649","₹17,999","4.34,690 Ratings & 201 Reviews",N/A
"REDMI 13c 5G (Starlight Black, 128 GB)","₹11,150","₹15,999","4.335,629 Ratings & 1,536 Reviews",N/A
"POCO M6 Plus 5G (Ice Silver, 128 GB)","₹11,999","₹17,999","4.26,043 Ratings & 426 Reviews",N/A
"REDMI Note 13 5G (Stealth Black, 256 GB)","₹16,999","₹22,999","4.216,427 Ratings & 973 Reviews",N/A
"REDMI 13C 5G (Startrail Silver, 128 GB)","₹11,299","₹15,999","4.335,629 Ratings & 1,536 Reviews",N/A
"REDMI 13C 5G (Starlight Black, 128 GB)","₹11,299","₹15,999","4.335,629 Ratings & 1,536 Reviews",N/A
"REDMI 13C 5G (Startrail Green, 128 GB)","₹11,299","₹15,999","4.335,629 Ratings & 1,536 Reviews",N/A
"realme 14 Pro 5G (Suede Grey, 128 GB)","₹24,999","₹27,999","4.42,216 Ratings & 242 Reviews",N/A
"OnePlus Nord 4 5G (Obsidian Midnight, 256 GB)","₹26,880","₹32,999","4.41,425 Ratings & 85 Reviews",N/A
"itel P 55 5G (Mint Green, 128 GB)","₹8,990","₹13,499",4.2439 Ratings & 33 Reviews,N/A
"Apple iPhone 16 Pro (Natural Titanium, 512 GB)","₹1,42,900","₹1,49,900","4.71,102 Ratings & 62 Reviews",N/A
"realme 14 Pro 5G (Suede Grey, 256 GB)","₹26,999","₹29,999","4.42,216 Ratings & 242 Reviews",N/A
"realme Narzo N65 5G (Deep Green, 128 GB)","₹11,210","₹14,999","4.33,897 Ratings & 182 Reviews",N/A
"Infinix GT 20 Pro (Mecha Silver, 256 GB)","₹25,999","₹34,999","4.37,630 Ratings & 538 Reviews",N/A
"SAMSUNG Galaxy F15 5G (Jazzy Green, 128 GB)","₹13,499","₹16,999","4.231,504 Ratings & 2,477 Reviews",N/A
"realme 14 Pro 5G (Jaipur Pink, 128 GB)","₹24,999","₹27,999","4.42,216 Ratings & 242 Reviews",N/A
"REDMI 13 5G (Black Diamond, 128 GB)","₹12,499","₹17,999","4.324,883 Ratings & 1,282 Reviews",N/A
"Apple iPhone 16 Pro (Black Titanium, 128 GB)","₹1,12,900","₹1,19,900","4.71,102 Ratings & 62 Reviews",N/A
"realme P2 Pro 5G (Parrot Green, 512 GB)","₹22,999","₹30,999","4.47,468 Ratings & 627 Reviews",N/A
"REDMI 13C 5G (Startrail Silver, 128 GB)","₹9,999","₹13,999","4.341,550 Ratings & 1,687 Reviews",N/A
"vivo T3 Pro 5G (Sandstone Orange, 256 GB)","₹24,999","₹31,999","4.548,999 Ratings & 3,371 Reviews",N/A
"vivo V50 5G (Titanium Grey, 256 GB)","₹36,999","₹42,999",4.6536 Ratings & 75 Reviews,N/A
"realme GT 6 (Fluid Silver, 256 GB)","₹37,999","₹46,999",4.4927 Ratings & 95 Reviews,N/A
"Apple iPhone 15 Plus (Blue, 256 GB)","₹78,999","₹89,900","4.641,942 Ratings & 2,385 Reviews",N/A
"realme 14 Pro+ 5G (Bikaner Purple, 128 GB)","₹29,999","₹33,999","4.42,938 Ratings & 532 Reviews",N/A
Kechaoda K115,₹998,"₹1,499","4.138,800 Ratings & 2,581 Reviews",N/A
"realme GT 6 (Razor Green, 512 GB)","₹37,999","₹51,999","4.53,627 Ratings & 412 Reviews",N/A
Kechaoda K115,₹998,"₹1,499","4.138,800 Ratings & 2,581 Reviews",N/A
"realme GT 6 (Fluid Silver, 512 GB)","₹37,999","₹51,999","4.53,627 Ratings & 412 Reviews",N/A
itel it5027,"₹1,039","₹1,499","42,231 Ratings & 135 Reviews",N/A
itel it5027,"₹1,049","₹1,499","42,231 Ratings & 135 Reviews",N/A
Kechaoda K115,₹994,"₹1,499","4.138,800 Ratings & 2,581 Reviews",N/A
Kechaoda K115,₹994,"₹1,499","4.138,800 Ratings & 2,581 Reviews",N/A
"Apple iPhone 16 Pro (Black Titanium, 1 TB)","₹1,62,900","₹1,69,900","4.71,102 Ratings & 62 Reviews",N/A
"SAMSUNG Galaxy F15 5G (Groovy Violet, 128 GB)","₹12,499","₹15,999","4.113,003 Ratings & 1,063 Reviews",N/A
"Apple iPhone 16 Pro Max (Black Titanium, 512 GB)","₹1,55,900","₹1,64,900",4.6545 Ratings & 42 Reviews,N/A
"realme NARZO N65 5G (AMBER GOLD, 128 GB)","₹11,644","₹14,999","4.33,897 Ratings & 182 Reviews",N/A
"REDMI 13 5G (Hawaiian Blue, 128 GB)","₹12,110","₹17,999","4.324,883 Ratings & 1,282 Reviews",N/A
"vivo Y18e (Space Black, 64 GB)","₹7,999","₹11,999",4.2809 Ratings & 26 Reviews,N/A
"SAMSUNG Galaxy M35 5G (Moonlight Blue, 128 GB)","₹14,480","₹24,499","4.410,113 Ratings & 814 Reviews",N/A
"Google Pixel 8a (Bay, 128 GB)","₹37,999","₹52,999","4.33,095 Ratings & 284 Reviews",N/A
"realme GT 6 (Razor Green, 256 GB)","₹33,999","₹43,999","4.52,162 Ratings & 257 Reviews",N/A
"Nothing Phone (2a) Plus (Black, 256 GB)","₹29,999","₹31,999","4.45,126 Ratings & 382 Reviews",N/A
"vivo Y18i (Space Black, 64 GB)","₹7,999","₹11,999","4.12,005 Ratings & 57 Reviews",N/A
"vivo T3 Pro 5G (Sandstone Orange, 256 GB)","₹24,999","₹31,999","4.548,999 Ratings & 3,371 Reviews",N/A
"Apple iPhone 16 Pro Max (Black Titanium, 512 GB)","₹1,55,900","₹1,64,900",4.6545 Ratings & 42 Reviews,N/A
"vivo V50 5G (Titanium Grey, 256 GB)","₹36,999","₹42,999",4.6536 Ratings & 75 Reviews,N/A
"OnePlus Nord 4 5G (Oasis Green, 256 GB)","₹27,870","₹32,999","4.41,425 Ratings & 85 Reviews",N/A
"vivo Y18e (Space Black, 64 GB)","₹7,999","₹11,999",4.2809 Ratings & 26 Reviews,N/A
"Nokia 130 Music Dual Sim, Music Player, Wireless FM Radio and Dedicated Buttons","₹1,775","₹2,199","4.18,174 Ratings & 425 Reviews",N/A
"Google Pixel 8a (Bay, 128 GB)","₹37,999","₹52,999","4.33,095 Ratings & 284 Reviews",N/A
"realme GT 6 (Razor Green, 256 GB)","₹33,999","₹43,999","4.52,162 Ratings & 257 Reviews",N/A
"Nothing Phone (2a) Plus (Black, 256 GB)","₹29,999","₹31,999","4.45,126 Ratings & 382 Reviews",N/A
"vivo Y18i (Space Black, 64 GB)","₹7,999","₹11,999","4.12,005 Ratings & 57 Reviews",N/A
"Motorola g45 5G (Pink Lavender, 128 GB)","₹11,999","₹14,999","4.41,10,078 Ratings & 5,698 Reviews",N/A
"realme C61 (Marble Black, 128 GB)","₹8,499","₹9,999","4.34,620 Ratings & 188 Reviews",N/A
"realme C61 (Safari Green, 128 GB)","₹8,499","₹9,999","4.34,620 Ratings & 188 Reviews",N/A
Kechaoda A26_black,₹899,"₹1,499","41,692 Ratings & 53 Reviews",N/A
"Apple iPhone 16 Pro (Natural Titanium, 1 TB)","₹1,62,900","₹1,69,900","4.71,102 Ratings & 62 Reviews",N/A
"Apple iPhone 16 Plus (White, 128 GB)","₹84,900","₹89,900","4.61,350 Ratings & 82 Reviews",N/A
"realme 12x 5G (Coral Red, 128 GB)","₹13,499","₹18,999","4.449,716 Ratings & 1,822 Reviews",N/A
"POCO F6 5G (Titanium, 512 GB)","₹33,999","₹37,999","4.36,023 Ratings & 611 Reviews",N/A
"realme C61 (Safari Green, 64 GB)","₹7,699","₹8,999","4.34,620 Ratings & 188 Reviews",N/A
"Apple iPhone 16 Pro Max (Natural Titanium, 256 GB)","₹1,35,900","₹1,44,900",4.6545 Ratings & 42 Reviews,N/A
"SAMSUNG Galaxy S23 Ultra 5G (Phantom Black, 256 GB)","₹89,999","₹1,49,999","4.64,100 Ratings & 387 Reviews",N/A
"OnePlus Nord 4 5G (Obsidian Midnight, 128 GB)","₹27,886","₹29,999","4.41,425 Ratings & 85 Reviews",N/A
"SAMSUNG Galaxy M35 5G (Thunder Grey, 128 GB)","₹16,874","₹25,999",4.3760 Ratings & 52 Reviews,N/A
"realme Narzo N65 5G (Deep Green, 128 GB)","₹12,137","₹15,999",4.2118 Ratings & 6 Reviews,N/A
"REDMI 13 5G (Black Diamond, 128 GB)","₹13,999","₹19,999","4.25,698 Ratings & 318 Reviews",N/A
"realme 12x 5G (Twilight Purple, 128 GB)","₹13,499","₹18,999","4.449,716 Ratings & 1,822 Reviews",N/A
"vivo T3 Pro 5G (Sandstone Orange, 256 GB)","₹24,999","₹31,999","4.548,999 Ratings & 3,371 Reviews",N/A
"vivo V50 5G (Titanium Grey, 256 GB)","₹36,999","₹42,999",4.6536 Ratings & 75 Reviews,N/A
"realme 12x 5G (Woodland Green, 128 GB)","₹13,499","₹18,999","4.449,716 Ratings & 1,822 Reviews",N/A
"Nothing Phone (2a) Plus (Black, 256 GB)","₹27,499","₹29,999","4.411,160 Ratings & 821 Reviews",N/A
"Google Pixel 9 Pro XL (Hazel, 256 GB)","₹1,24,999",N/A,4.6619 Ratings & 56 Reviews,N/A
"Apple iPhone 16 Pro Max (Natural Titanium, 1 TB)","₹1,75,900","₹1,84,900",4.6545 Ratings & 42 Reviews,N/A
"realme 12x 5G (Coral Red, 128 GB)","₹12,499","₹17,999","4.41,02,074 Ratings & 4,819 Reviews",N/A
"Infinix SMART 8 HD (Timber Black, 64 GB)","₹6,699","₹7,999","4.344,057 Ratings & 2,759 Reviews",N/A
"Infinix SMART 8 HD (Crystal Green, 64 GB)","₹6,699","₹7,999","4.344,057 Ratings & 2,759 Reviews",N/A
"Infinix SMART 8 HD (Shiny Gold, 64 GB)","₹6,699","₹7,999","4.344,057 Ratings & 2,759 Reviews",N/A
"Infinix SMART 8 HD (Galaxy White, 64 GB)","₹6,699","₹7,999","4.344,057 Ratings & 2,759 Reviews",N/A
"Apple iPhone 16 Pro Max (Black Titanium, 1 TB)","₹1,75,900","₹1,84,900",4.6545 Ratings & 42 Reviews,N/A
"REDMI A3 (Midnight Black, 128 GB)","₹8,399","₹11,999","4.15,425 Ratings & 273 Reviews",N/A
LAVA Hero Shakti Keypad Mobile|1.8 inch Big Display|Auto Call Recording|Wireless FM,₹909,"₹1,199","4.12,281 Ratings & 144 Reviews",N/A
"Google Pixel 9 Pro (Hazel, 256 GB)","₹1,09,999",N/A,4.6299 Ratings & 47 Reviews,N/A
"realme Narzo N65 5G (AMBER GOLD, 128 GB)","₹12,072","₹15,999",4.2118 Ratings & 6 Reviews,N/A
"REDMI A3 (Midnight Black, 128 GB)","₹7,999","₹10,999","4.21,697 Ratings & 69 Reviews",N/A
Kechaoda K28,"₹1,199","₹1,499","44,509 Ratings & 342 Reviews",N/A
"OnePlus Nord CE4 lite 5G (SUPER SILVER, 256 GB)","₹21,949","₹23,999","4.411,970 Ratings & 578 Reviews",N/A
"REDMI 13c 5G (Startrail Green, 128 GB)","₹10,994","₹15,999","4.335,629 Ratings & 1,536 Reviews",N/A
"vivo V40e 5G (Royal Bronze, 256 GB)","₹28,999","₹35,999","4.46,166 Ratings & 458 Reviews",N/A
"vivo V40e 5G (Mint Green, 256 GB)","₹28,999","₹35,999","4.46,166 Ratings & 458 Reviews",N/A
"vivo V40e 5G (Mint Green, 256 GB)","₹28,999","₹35,999","4.46,166 Ratings & 458 Reviews",N/A
"Apple iPhone 16 Pro Max (Natural Titanium, 1 TB)","₹1,75,900","₹1,84,900",4.6545 Ratings & 42 Reviews,N/A
"vivo T3 Pro 5G (Sandstone Orange, 256 GB)","₹24,999","₹31,999","4.548,999 Ratings & 3,371 Reviews",N/A
"vivo V40e 5G (Mint Green, 128 GB)","₹26,999","₹33,999","4.46,166 Ratings & 458 Reviews",N/A
"vivo V50 5G (Titanium Grey, 256 GB)","₹36,999","₹42,999",4.6536 Ratings & 75 Reviews,N/A
Kechaoda A 27,₹899,"₹2,150",3.9453 Ratings & 10 Reviews,N/A
"REDMI Note 13 5G (Chromatic Purple, 256 GB)","₹17,499","₹24,999","4.16,462 Ratings & 404 Reviews",N/A
"Nokia 110 Dual Sim, Keypad Mobile with Wireless FM Radio, Bluetooth and Rear Camera","₹1,559","₹2,099","3.81,895 Ratings & 103 Reviews",N/A
"realme 14x 5G (Jewel Red, 128 GB)","₹14,999","₹16,999","4.33,748 Ratings & 190 Reviews",N/A
"realme 14x 5G (Crystal Black, 128 GB)","₹14,999","₹16,999","4.33,748 Ratings & 190 Reviews",N/A
"Tecno Pova 6 Neo (Azure Sky, 128 GB)","₹11,964","₹15,999",4.2550 Ratings & 45 Reviews,N/A
"Tecno Pova 6 Neo (Aurora Cloud, 128 GB)","₹11,998","₹15,999",4.2550 Ratings & 45 Reviews,N/A
"Tecno Pova 6 Neo (Midnight Shadow, 128 GB)","₹11,968","₹15,999",4.2550 Ratings & 45 Reviews,N/A
Kechaoda K115,₹994,"₹1,499","4.138,800 Ratings & 2,581 Reviews",N/A
"realme C63 (Jade Green, 64 GB)","₹8,499","₹9,999","4.39,788 Ratings & 503 Reviews",N/A
"vivo Y18e (Gem Green, 64 GB)","₹7,999","₹11,999",4.2809 Ratings & 26 Reviews,N/A
"vivo Y18i (Gem Green, 64 GB)","₹7,999","₹11,999","4.12,005 Ratings & 57 Reviews",N/A
"SAMSUNG Galaxy S23 Ultra 5G (Phantom Black, 1 TB)","₹1,85,999",N/A,"4.64,100 Ratings & 387 Reviews",N/A
"realme NARZO 70X 5G (Ice Blue, 128 GB)","₹12,790","₹18,999","4.32,141 Ratings & 108 Reviews",N/A
itel Ace 3 Shine,₹845,"₹1,249",4591 Ratings & 19 Reviews,N/A
"Infinix SMART 8 HD (Crystal Green, 64 GB)","₹6,999","₹8,999","4.31,608 Ratings & 67 Reviews",N/A
"realme 14 Pro 5G (Pearl White, 256 GB)","₹26,999","₹29,999","4.42,216 Ratings & 242 Reviews",N/A
"IQOO Z9s Pro 5G (Luxe Marble, 128 GB)","₹22,996","₹29,999","4.51,718 Ratings & 115 Reviews",N/A
"vivo T3 Pro 5G (Sandstone Orange, 256 GB)","₹24,999","₹31,999","4.548,999 Ratings & 3,371 Reviews",N/A
"vivo V50 5G (Titanium Grey, 256 GB)","₹36,999","₹42,999",4.6536 Ratings & 75 Reviews,N/A
"realme 70 TURBO 5G (Turbo Purple, 256 GB)","₹20,990","₹22,999",4.3307 Ratings & 12 Reviews,N/A
"SAMSUNG Galaxy S23 Ultra 5G (Phantom Black, 512 GB)","₹1,61,999",N/A,"4.64,100 Ratings & 387 Reviews",N/A
"Google Pixel 9 (Wintergreen, 256 GB)","₹74,999","₹79,999","4.62,245 Ratings & 237 Reviews",N/A
"realme 70 TURBO 5G (Turbo Yellow, 256 GB)","₹20,990","₹22,999",4.3307 Ratings & 12 Reviews,N/A
"Apple iPhone 13 mini (Starlight, 256 GB)","₹64,900","₹74,900","4.53,845 Ratings & 330 Reviews",N/A
"SAMSUNG Galaxy S24+ 5G (Cobalt Violet, 256 GB)","₹60,999","₹99,999","4.55,180 Ratings & 392 Reviews",N/A
"realme C65 5G (Glowing Black, 128 GB)","₹11,245","₹15,999","4.411,998 Ratings & 499 Reviews",N/A
"REDMI Note 13 5G (Chromatic Purple, 128 GB)","₹14,997","₹20,999","4.228,437 Ratings & 1,664 Reviews",N/A
"Apple iPhone 16 Pro (Natural Titanium, 128 GB)","₹1,12,900","₹1,19,900","4.71,102 Ratings & 62 Reviews",N/A
"Motorola G85 5G (Urban Grey, 128 GB)","₹17,999","₹20,999","4.41,45,758 Ratings & 7,891 Reviews",N/A
Nokia 105,"₹1,248","₹1,699","3.33,143 Ratings & 191 Reviews",N/A
"OnePlus 13R 5G (Nebula Noir, 256 GB)","₹42,998","₹44,999",4.5337 Ratings & 34 Reviews,N/A
Kechaoda A26,₹898,"₹1,499","425,692 Ratings & 1,496 Reviews",N/A
"realme 12x 5G (Twilight Purple, 128 GB)","₹12,499","₹17,999","4.41,02,074 Ratings & 4,819 Reviews",N/A
"realme 12x 5G (Woodland Green, 128 GB)","₹12,499","₹17,999","4.41,02,074 Ratings & 4,819 Reviews",N/A
"realme C65 5G (Speedy Red, 128 GB)","₹10,699","₹14,999","4.24,973 Ratings & 220 Reviews",N/A
"Apple iPhone 13 (Blue, 512 GB)","₹74,999","₹79,900","4.62,87,779 Ratings & 13,785 Reviews",N/A
"realme C65 5G (Speedy Red, 128 GB)","₹15,999",N/A,"4.411,998 Ratings & 499 Reviews",N/A
"Apple iPhone 13 (Blue, 128 GB)","₹44,999","₹49,900","4.62,87,779 Ratings & 13,785 Reviews",N/A
MOTOROLA A10V DS Keypad Phone with Voice Feature|800 mAh Battery|Wireless FM Recording,"₹1,169","₹1,549","4.25,133 Ratings & 314 Reviews",N/A
MOTOROLA A10V DS Keypad Phone with Voice Feature|800 mAh Battery|Wireless FM Recording,"₹1,169","₹1,549","4.25,133 Ratings & 314 Reviews",N/A
"Motorola Edge 50 Pro 5G with 125W Charger (Black Beauty, 256 GB)","₹29,999","₹41,999","4.456,039 Ratings & 3,762 Reviews",N/A
"vivo T3 Pro 5G (Sandstone Orange, 256 GB)","₹24,999","₹31,999","4.548,999 Ratings & 3,371 Reviews",N/A
"vivo V50 5G (Titanium Grey, 256 GB)","₹36,999","₹42,999",4.6536 Ratings & 75 Reviews,N/A
itel Ace 3 Shine,₹845,"₹1,249",4591 Ratings & 19 Reviews,N/A
"Apple iPhone 16 Pro Max (Black Titanium, 256 GB)","₹1,35,900","₹1,44,900",4.6545 Ratings & 42 Reviews,N/A
hmd 105 Dual Sim,₹994,"₹1,499",4.1895 Ratings & 76 Reviews,N/A
"realme 14 Pro+ 5G (Suede Grey, 256 GB)","₹31,999","₹35,999","4.42,938 Ratings & 532 Reviews",N/A
"realme 14 Pro+ 5G (Pearl White, 256 GB)","₹31,999","₹35,999","4.42,938 Ratings & 532 Reviews",N/A
"realme 14 Pro+ 5G (Bikaner Purple, 256 GB)","₹31,999","₹35,999","4.42,938 Ratings & 532 Reviews",N/A
"REDMI 13c 5G (Startrail Green, 256 GB)","₹14,990","₹17,999","4.27,990 Ratings & 401 Reviews",N/A
hmd 105 Dual Sim,₹988,"₹1,499",4.1895 Ratings & 76 Reviews,N/A
"Apple iPhone 13 mini (Blue, 128 GB)","₹49,900","₹64,900","4.53,845 Ratings & 330 Reviews",N/A
"Apple iPhone 13 (Blue, 256 GB)","₹54,999","₹59,900","4.62,87,779 Ratings & 13,785 Reviews",N/A
"realme 14 Pro+ 5G (Pearl White, 128 GB)","₹29,999","₹33,999","4.42,938 Ratings & 532 Reviews",N/A
"Infinix SMART 8 HD (Shiny Gold, 64 GB)","₹6,999","₹8,999","4.31,608 Ratings & 67 Reviews",N/A
"IQOO Z9s Pro 5G (Luxe Marble, 256 GB)","₹25,193","₹31,999","4.51,718 Ratings & 115 Reviews",N/A
"REDMI 13c 5G (Startrail Silver, 256 GB)","₹12,999","₹17,999","4.27,990 Ratings & 401 Reviews",N/A
"Motorola Edge 50 Ultra 5G (Forest Grey, 512 GB)","₹49,999","₹64,999","4.42,332 Ratings & 260 Reviews",N/A
"Google Pixel 9 (Peony, 256 GB)","₹74,999","₹79,999","4.62,245 Ratings & 237 Reviews",N/A
"POCO F6 5G (Titanium, 256 GB)","₹26,999","₹35,999","4.36,023 Ratings & 611 Reviews",N/A
"realme GT 6 (Fluid Silver, 256 GB)","₹33,999","₹43,999","4.52,162 Ratings & 257 Reviews",N/A
"realme C65 5G (Feather Green, 128 GB)","₹10,490","₹14,999","4.24,973 Ratings & 220 Reviews",N/A
LAVA Hero Shakti Keypad Mobile|1.8 inch Big Display|Auto Call Recording|Wireless FM,₹879,"₹1,199","4.12,281 Ratings & 144 Reviews",N/A
"realme 70 TURBO 5G (Turbo Green, 128 GB)","₹16,198","₹20,999","4.41,889 Ratings & 165 Reviews",N/A
"realme C65 5G (Feather Green, 128 GB)","₹11,469","₹15,999","4.411,998 Ratings & 499 Reviews",N/A
"vivo T3 Pro 5G (Sandstone Orange, 256 GB)","₹24,999","₹31,999","4.548,999 Ratings & 3,371 Reviews",N/A
Kechaoda K28,"₹1,199","₹1,499","44,509 Ratings & 342 Reviews",N/A
"vivo V50 5G (Titanium Grey, 256 GB)","₹36,999","₹42,999",4.6536 Ratings & 75 Reviews,N/A
Kechaoda K28,"₹1,199","₹1,499","44,509 Ratings & 342 Reviews",N/A
Nokia 106,"₹1,109","₹1,699","3.93,188 Ratings & 182 Reviews",N/A
"SAMSUNG Galaxy S24 Ultra 5G (Titanium Black, 256 GB)","₹1,34,999",N/A,"4.62,610 Ratings & 280 Reviews",N/A
"realme 14 Pro+ 5G (Suede Grey, 256 GB)","₹34,999","₹37,999","4.42,125 Ratings & 323 Reviews",N/A
"realme 14 Pro+ 5G (Pearl White, 256 GB)","₹34,999","₹37,999","4.42,125 Ratings & 323 Reviews",N/A
"Infinix SMART 8 (Rainbow Blue, 128 GB)","₹8,999","₹10,999","4.311,124 Ratings & 633 Reviews",N/A
"Infinix SMART 8 (Shiny Gold, 128 GB)","₹8,999","₹10,999","4.311,124 Ratings & 633 Reviews",N/A
"realme 14 Pro+ 5G (Bikaner Purple, 256 GB)","₹34,999","₹37,999","4.42,125 Ratings & 323 Reviews",N/A
"realme C65 5G (Glowing Black, 128 GB)","₹10,699","₹14,999","4.24,973 Ratings & 220 Reviews",N/A
"Google Pixel 7a (Charcoal, 128 GB)","₹31,999","₹43,999","4.126,047 Ratings & 2,593 Reviews",N/A
"SAMSUNG Galaxy S25 Ultra 5G (Titanium Whitesilver, 512 GB)","₹1,41,999",N/A,4.7996 Ratings & 131 Reviews,N/A
"SAMSUNG Galaxy S25 Ultra 5G (Titanium Whitesilver, 256 GB)","₹1,29,999",N/A,4.7996 Ratings & 131 Reviews,N/A
"Infinix SMART 8 (Galaxy White, 128 GB)","₹8,999","₹10,999","4.311,124 Ratings & 633 Reviews",N/A
"realme C65 5G (Speedy Red, 128 GB)","₹12,490","₹16,999","4.31,008 Ratings & 50 Reviews",N/A
"realme C65 5G (Feather Green, 128 GB)","₹12,790","₹16,999","4.31,008 Ratings & 50 Reviews",N/A
"Google Pixel 7 (Lemongrass, 128 GB)","₹33,999","₹59,999","4.318,080 Ratings & 2,014 Reviews",N/A
Kechaoda K115,₹997,"₹1,499","4.138,800 Ratings & 2,581 Reviews",N/A
"SAMSUNG Galaxy A35 5G (Awesome Navy, 256 GB)","₹28,999","₹36,999","4.34,654 Ratings & 345 Reviews",N/A
"POCO M7 Pro 5G (Lunar Dust, 128 GB)","₹13,999","₹18,999","4.34,279 Ratings & 500 Reviews",N/A
"realme GT 6T 5G (Miracle Purple, 256 GB)","₹30,489","₹37,999",4.5822 Ratings & 82 Reviews,N/A
"SAMSUNG Galaxy F15 5G (Groovy Violet, 128 GB)","₹13,499","₹16,999","4.231,504 Ratings & 2,477 Reviews",N/A
"IQOO Z9 LITE 5G (Mocha Brown, 128 GB)","₹10,899","₹14,499","4.22,037 Ratings & 104 Reviews",N/A
"REDMI 14C 5G (Stardust Purple, 64 GB)","₹9,999","₹12,999",4.1417 Ratings & 29 Reviews,N/A
"vivo T3 Pro 5G (Sandstone Orange, 256 GB)","₹24,999","₹31,999","4.548,999 Ratings & 3,371 Reviews",N/A
"vivo V50 5G (Titanium Grey, 256 GB)","₹36,999","₹42,999",4.6536 Ratings & 75 Reviews,N/A
"SAMSUNG Galaxy F15 5G (Jazzy Green, 128 GB)","₹12,499","₹15,999","4.113,003 Ratings & 1,063 Reviews",N/A
"realme 14 Pro 5G (Jaipur Pink, 256 GB)","₹26,999","₹29,999","4.42,216 Ratings & 242 Reviews",N/A
itel it2165s,₹869,"₹1,349",4.1876 Ratings & 40 Reviews,N/A
"realme C65 5G (Feather Green, 64 GB)","₹10,499","₹13,999","4.24,973 Ratings & 220 Reviews",N/A
itel it2165s,₹849,"₹1,349",4.1876 Ratings & 40 Reviews,N/A
"IQOO Z9SPRO 5G (Luxe Marble, 256 GB)","₹24,462","₹31,999",4.544 Ratings & 2 Reviews,N/A
"realme 14 Pro 5G (Pearl White, 128 GB)","₹24,999","₹27,999","4.42,216 Ratings & 242 Reviews",N/A
"OnePlus Nord 4 5G (Mercurial Silver, 128 GB)","₹27,951","₹29,999","4.41,425 Ratings & 85 Reviews",N/A
"realme GT 6T 5G (Razor Green, 256 GB)","₹27,278","₹35,999","4.52,234 Ratings & 168 Reviews",N/A
"vivo Y58 5G (Himalayan Blue, 128 GB)","₹16,329","₹23,999",4.4590 Ratings & 25 Reviews,N/A
"SAMSUNG Galaxy M15 5G (Stone Grey, 128 GB)","₹11,930","₹15,999",4.2417 Ratings & 26 Reviews,N/A
"POCO X7 Pro 5G (Obsidian Black, 256 GB)","₹29,999","₹33,999","4.41,634 Ratings & 267 Reviews",N/A
"SAMSUNG Galaxy A05 (Silver, 128 GB)","₹8,138","₹14,999",4.3468 Ratings & 21 Reviews,N/A
itel it2165s,₹899,"₹1,349",4.1876 Ratings & 40 Reviews,N/A
"SAMSUNG Galaxy A35 5G (Awesome Lilac, 256 GB)","₹28,999","₹36,999","4.34,654 Ratings & 345 Reviews",N/A
"OnePlus Nord 4 5G (Oasis Green, 256 GB)","₹29,999","₹32,990",4.4323 Ratings & 17 Reviews,N/A
"POCO X7 Pro 5G (Obsidian Black, 256 GB)","₹27,999","₹31,999","4.32,955 Ratings & 600 Reviews",N/A
"vivo Y58 5G (Sundarbans Green, 128 GB)","₹16,999","₹23,999",4.4590 Ratings & 25 Reviews,N/A
Nokia 105 Classic with Charger,"₹1,195","₹1,399","3.93,663 Ratings & 186 Reviews",N/A
"SAMSUNG Galaxy A23 5G (Silver, 128 GB)","₹21,999","₹28,990","4.12,981 Ratings & 190 Reviews",N/A
"IQOO Z9 Lite 5G (Mocha Brown, 128 GB)","₹10,599","₹14,499","4.22,037 Ratings & 104 Reviews",N/A
"POCO X7 Pro 5G (Obsidian Black, 256 GB)","₹27,999","₹31,999","4.32,955 Ratings & 600 Reviews",N/A
"vivo T3 Pro 5G (Sandstone Orange, 256 GB)","₹24,999","₹31,999","4.548,999 Ratings & 3,371 Reviews",N/A
"vivo Y58 5G (Sundarbans Green, 128 GB)","₹16,999","₹23,999",4.4590 Ratings & 25 Reviews,N/A
"vivo V50 5G (Titanium Grey, 256 GB)","₹36,999","₹42,999",4.6536 Ratings & 75 Reviews,N/A
"SAMSUNG Galaxy A23 5G (Silver, 128 GB)","₹21,999","₹28,990","4.12,981 Ratings & 190 Reviews",N/A
"realme Narzo N65 5G (Deep Green, 128 GB)","₹10,790","₹13,999",4.3803 Ratings & 36 Reviews,N/A
"SAMSUNG galaxy M15 5G (Stone Grey, 128 GB)","₹16,890","₹17,999",4.196 Ratings & 6 Reviews,N/A
Kechaoda A26_rose gold,₹894,"₹1,499",3.9250 Ratings & 7 Reviews,N/A
"Infinix HOT 40i (Palm Blue, 256 GB)","₹9,999","₹10,999","4.122,014 Ratings & 1,308 Reviews",N/A
"Infinix HOT 40i (Starlit Black, 256 GB)","₹9,999","₹10,999","4.122,014 Ratings & 1,308 Reviews",N/A
"Infinix HOT 40i (Horizon Gold, 256 GB)","₹9,999","₹10,999","4.122,014 Ratings & 1,308 Reviews",N/A
"Infinix HOT 40i (Starfall Green, 256 GB)","₹9,999","₹10,999","4.122,014 Ratings & 1,308 Reviews",N/A
"REDMI 13c 5G (Startrail Green, 128 GB)","₹10,999","₹13,999","4.341,550 Ratings & 1,687 Reviews",N/A
"realme 14 Pro+ 5G (Suede Grey, 128 GB)","₹29,999","₹33,999","4.42,938 Ratings & 532 Reviews",N/A
"REDMI 14C 5G (Stargaze Black, 128 GB)","₹10,999","₹13,999",4.1417 Ratings & 29 Reviews,N/A
"OPPO A3 5G (Ocean Blue, 128 GB)","₹14,999","₹19,999",4.2697 Ratings & 37 Reviews,N/A
itel it2165s,₹928,"₹1,349",4.1876 Ratings & 40 Reviews,N/A
"REDMI 14C 5G (Starlight Blue, 128 GB)","₹10,999","₹13,999",4.1417 Ratings & 29 Reviews,N/A
"Google Pixel 7 (Snow, 128 GB)","₹33,999","₹59,999","4.318,080 Ratings & 2,014 Reviews",N/A
"SAMSUNG Galaxy S25 Ultra 5G (Titanium Gray, 512 GB)","₹1,41,999",N/A,4.7996 Ratings & 131 Reviews,N/A
"Apple iPhone 16 Pro Max (White Titanium, 256 GB)","₹1,35,900","₹1,44,900",4.6545 Ratings & 42 Reviews,N/A
"IQOO Z9x (Storm Grey, 128 GB)","₹11,849","₹17,999","4.21,560 Ratings & 79 Reviews",N/A
"SAMSUNG Galaxy Z Fold5 (Icy Blue, 256 GB)","₹96,899","₹1,59,999",4.6500 Ratings & 27 Reviews,N/A
"vivo T3 Pro 5G (Sandstone Orange, 256 GB)","₹24,999","₹31,999","4.548,999 Ratings & 3,371 Reviews",N/A
"vivo V50 5G (Titanium Grey, 256 GB)","₹36,999","₹42,999",4.6536 Ratings & 75 Reviews,N/A
"SAMSUNG Galaxy S24 FE 5G (Graphite, 256 GB)","₹65,999",N/A,4.5514 Ratings & 47 Reviews,N/A
"Apple iPhone 16 Pro (White Titanium, 256 GB)","₹1,22,900","₹1,29,900","4.71,102 Ratings & 62 Reviews",N/A
"IQOO Z9x (Tornado Green, 128 GB)","₹11,602","₹17,999","4.21,560 Ratings & 79 Reviews",N/A
"REDMI A3 (Lake Blue, 128 GB)","₹8,399","₹11,999","4.15,425 Ratings & 273 Reviews",N/A
"Infinix SMART 8 HD (Galaxy White, 64 GB)","₹6,999","₹8,999","4.31,608 Ratings & 67 Reviews",N/A
"REDMI 13c 5G (Startrail Silver, 128 GB)","₹11,184","₹15,999","4.335,629 Ratings & 1,536 Reviews",N/A
"POCO X6 Neo 5G (Astral Black, 128 GB)","₹15,999","₹19,999","4.237,959 Ratings & 2,830 Reviews",N/A
"realme NARZO 70X 5G (Forest Green, 128 GB)","₹12,747","₹18,991","4.32,141 Ratings & 108 Reviews",N/A
"REDMI Note 13 5G (Stealth Black, 256 GB)","₹17,399","₹22,999","4.216,427 Ratings & 973 Reviews",N/A
"realme 12 Pro+ 5G (Submarine Blue, 256 GB)","₹23,999","₹37,999","4.513,757 Ratings & 1,300 Reviews",N/A
"Apple iPhone 16 Pro (White Titanium, 128 GB)","₹1,12,900","₹1,19,900","4.71,102 Ratings & 62 Reviews",N/A
"Apple iPhone 16 Pro Max (White Titanium, 1 TB)","₹1,75,900","₹1,84,900",4.6545 Ratings & 42 Reviews,N/A
"SAMSUNG Galaxy S24 FE 5G (Graphite, 128 GB)","₹59,999",N/A,4.5514 Ratings & 47 Reviews,N/A
"IQOO Z9 Lite 5G (Mocha Brown, 128 GB)","₹12,899","₹15,499","4.33,447 Ratings & 139 Reviews",N/A
itel it5330 | 2.8 inch Big Display | 1900 mAh Battery | Kingvoice,"₹1,249","₹1,799","4.111,598 Ratings & 704 Reviews",N/A
"POCO X7 Pro 5G (Nebula Green, 256 GB)","₹29,999","₹33,999","4.41,634 Ratings & 267 Reviews",N/A
"itel Aura 05i|Leather Finish|4000 Mah Battery|Type C Charging Support (Meadow Green, 32 GB)","₹5,499","₹6,799","4.11,912 Ratings & 64 Reviews",N/A
Nokia 105 Classic without Charger,"₹1,449",N/A,"3.93,671 Ratings & 162 Reviews",N/A
Kechaoda K33,₹998,"₹2,200","410,493 Ratings & 607 Reviews",N/A
"POCO M7 Pro 5G (Olive Twilight, 128 GB)","₹13,999","₹18,999","4.34,279 Ratings & 500 Reviews",N/A
"SAMSUNG Galaxy M14 4G (Arctic Blue, 64 GB)","₹8,840","₹13,999","4.12,836 Ratings & 116 Reviews",N/A
"Apple iPhone 16 Pro Max (White Titanium, 512 GB)","₹1,55,900","₹1,64,900",4.6545 Ratings & 42 Reviews,N/A
"vivo T3 Pro 5G (Sandstone Orange, 256 GB)","₹24,999","₹31,999","4.548,999 Ratings & 3,371 Reviews",N/A
"vivo V50 5G (Titanium Grey, 256 GB)","₹36,999","₹42,999",4.6536 Ratings & 75 Reviews,N/A
"Apple iPhone 16 Pro Max (White Titanium, 1 TB)","₹1,75,900","₹1,84,900",4.6545 Ratings & 42 Reviews,N/A
"SAMSUNG Galaxy S24 FE 5G (Graphite, 128 GB)","₹59,999",N/A,4.5514 Ratings & 47 Reviews,N/A
"IQOO Z9 Lite 5G (Mocha Brown, 128 GB)","₹12,899","₹15,499","4.33,447 Ratings & 139 Reviews",N/A
itel it5330 | 2.8 inch Big Display | 1900 mAh Battery | Kingvoice,"₹1,249","₹1,799","4.111,598 Ratings & 704 Reviews",N/A
"POCO X7 Pro 5G (Nebula Green, 256 GB)","₹29,999","₹33,999","4.41,634 Ratings & 267 Reviews",N/A
"itel Aura 05i|Leather Finish|4000 Mah Battery|Type C Charging Support (Meadow Green, 32 GB)","₹5,499","₹6,799","4.11,912 Ratings & 64 Reviews",N/A
Nokia 105 Classic without Charger,"₹1,449",N/A,"3.93,671 Ratings & 162 Reviews",N/A
Kechaoda K33,₹998,"₹2,200","410,493 Ratings & 607 Reviews",N/A
"POCO M7 Pro 5G (Olive Twilight, 128 GB)","₹13,999","₹18,999","4.34,279 Ratings & 500 Reviews",N/A
"Apple iPhone 16 Pro Max (White Titanium, 512 GB)","₹1,55,900","₹1,64,900",4.6545 Ratings & 42 Reviews,N/A
"POCO M6 5G (Orion Blue, 128 GB)","₹10,499","₹13,999","4.348,146 Ratings & 2,478 Reviews",N/A
"POCO X7 Pro 5G (Nebula Green, 256 GB)","₹27,999","₹31,999","4.32,955 Ratings & 600 Reviews",N/A
"realme GT 6T 5G (Fluid Silver, 128 GB)","₹25,248","₹33,999","4.52,234 Ratings & 168 Reviews",N/A
"SAMSUNG Galaxy M14 4G (Sapphire Blue, 64 GB)","₹8,850","₹13,999","4.12,836 Ratings & 116 Reviews",N/A
"SAMSUNG Galaxy S24 FE 5G (Graphite, 128 GB)","₹43,480","₹59,999",4.5514 Ratings & 47 Reviews,N/A
"SAMSUNG Galaxy A15 5G (Light Blue, 256 GB)","₹19,999","₹24,499","4.33,611 Ratings & 219 Reviews",N/A
"REDMI 13c 5G (Startrail Silver, 128 GB)","₹10,300","₹13,999","4.341,550 Ratings & 1,687 Reviews",N/A
"itel Aura 05i|Leather Finish|4000 Mah Battery|Type C Charging Support (Crystal Blue, 32 GB)","₹5,685","₹6,799","4.11,912 Ratings & 64 Reviews",N/A
"SAMSUNG Galaxy A05 (Light Green, 128 GB)","₹8,093","₹14,999",4.3468 Ratings & 21 Reviews,N/A
"realme GT 6T 5G (Fluid Silver, 512 GB)","₹32,921","₹41,999",4.5822 Ratings & 82 Reviews,N/A
"IQOO Z9S 5G (Onyx Green, 256 GB)","₹24,630","₹29,999",4.5185 Ratings & 9 Reviews,N/A
"IQOO Z9S 5G (Titanium Matte, 256 GB)","₹22,380","₹27,999","4.42,532 Ratings & 163 Reviews",N/A
"vivo T3 Pro 5G (Sandstone Orange, 256 GB)","₹24,999","₹31,999","4.548,999 Ratings & 3,371 Reviews",N/A
"REDMI Note 14 5G (Mystique White, 128 GB)","₹17,328","₹21,999",4.4708 Ratings & 44 Reviews,N/A
"vivo V50 5G (Titanium Grey, 256 GB)","₹36,999","₹42,999",4.6536 Ratings & 75 Reviews,N/A
"REDMI Note 13 Pro+ 5G (Fusion Purple, 256 GB)","₹24,999","₹33,999","4.317,257 Ratings & 1,561 Reviews",N/A
"realme P1 5G (Feather Blue, 128 GB)","₹13,950","₹20,999","4.488,702 Ratings & 5,229 Reviews",N/A
"Google Pixel 7a (Sea, 128 GB)","₹31,999","₹43,999","4.126,047 Ratings & 2,593 Reviews",N/A
Nokia 235 4G DS,"₹3,609","₹4,999",4.1530 Ratings & 30 Reviews,N/A
"REDMI Note 14 5G (Titan Black, 128 GB)","₹17,693","₹21,999",4.4708 Ratings & 44 Reviews,N/A
"SAMSUNG Galaxy A35 5G (Awesome Lilac, 128 GB)","₹25,999","₹33,999","4.34,654 Ratings & 345 Reviews",N/A
"realme 12 Pro+ 5G (Submarine Blue, 128 GB)","₹21,999","₹34,999","4.426,074 Ratings & 3,058 Reviews",N/A
"realme P1 5G (Phoenix Red, 128 GB)","₹13,990","₹20,999","4.488,702 Ratings & 5,229 Reviews",N/A
"REDMI Note 13 Pro 5G (Scarlet Red, 128 GB)","₹19,999","₹28,999","4.334,817 Ratings & 2,774 Reviews",N/A
"REDMI Note 13 Pro+ 5G (Fusion Purple, 512 GB)","₹28,999","₹37,999","4.210,350 Ratings & 931 Reviews",N/A
hmd 105 Dual Sim,₹985,"₹1,499",4.1895 Ratings & 76 Reviews,N/A
"SAMSUNG Galaxy F55 5G (Raisin Black, 256 GB)","₹26,999","₹34,999",4523 Ratings & 55 Reviews,N/A
"REDMI Note 13 5G (Prism Gold, 128 GB)","₹14,990","₹20,999","4.228,437 Ratings & 1,664 Reviews",N/A
"REDMI Note 13 Pro+ 5G (Fusion Purple, 512 GB)","₹28,298","₹37,999","4.210,350 Ratings & 931 Reviews",N/A
"vivo T2x 5G (Black Gladiator, 128 GB)","₹14,999","₹20,999","4.477,162 Ratings & 4,341 Reviews",N/A
"REDMI Note 14 5G (Titan Black, 256 GB)","₹21,490","₹24,999",4.3351 Ratings & 29 Reviews,N/A
"vivo T2x 5G (Marine Blue, 128 GB)","₹12,999","₹18,999","4.44,49,034 Ratings & 23,708 Reviews",N/A
"Infinix Note 40 Pro+ 5G (Obsidian Black, 256 GB)","₹21,999","₹32,999","4.23,980 Ratings & 332 Reviews",N/A
"REDMI Note 14 5G (Titan Black, 128 GB)","₹18,773","₹22,999",4.3351 Ratings & 29 Reviews,N/A
"IQOO Z9S 5G (Onyx Green, 256 GB)","₹22,588","₹27,999","4.42,532 Ratings & 163 Reviews",N/A
"POCO M6 5G (Orion Blue, 64 GB)","₹8,499","₹11,999","4.21,38,230 Ratings & 6,927 Reviews",N/A
"vivo T2x 5G (Sunstone Orange, 128 GB)","₹12,999","₹18,999","4.44,49,034 Ratings & 23,708 Reviews",N/A
"POCO M6 5G (Polaris Green, 64 GB)","₹8,499","₹11,999","4.21,38,230 Ratings & 6,927 Reviews",N/A
"vivo T3 Pro 5G (Sandstone Orange, 256 GB)","₹24,999","₹31,999","4.548,999 Ratings & 3,371 Reviews",N/A
"vivo V50 5G (Titanium Grey, 256 GB)","₹36,999","₹42,999",4.6536 Ratings & 75 Reviews,N/A
"REDMI Note 14 5G (Phantom Purple, 256 GB)","₹20,981","₹24,999",4.3351 Ratings & 29 Reviews,N/A
GFive SHARK,₹899,"₹1,499",3.7600 Ratings & 51 Reviews,N/A
"Motorola Edge 50 Ultra 5G (Peach Fuzz, 512 GB)","₹49,999","₹64,999","4.42,332 Ratings & 260 Reviews",N/A
"SAMSUNG Galaxy S24 FE 5G (Mint, 128 GB)","₹59,999",N/A,4.5514 Ratings & 47 Reviews,N/A
"SAMSUNG Galaxy S25 Ultra 5G (Titanium Silverblue, 1024 GB)","₹1,65,999",N/A,4.7996 Ratings & 131 Reviews,N/A
"vivo T2x 5G (Black Gladiator, 128 GB)","₹12,999","₹18,999","4.44,49,034 Ratings & 23,708 Reviews",N/A
"SAMSUNG Galaxy M15 5G (Blue Topaz, 128 GB)","₹13,490","₹16,999","4.33,082 Ratings & 143 Reviews",N/A
"Motorola Edge 50 Ultra 5G (Nordic Wood, 512 GB)","₹49,999","₹64,999","4.42,332 Ratings & 260 Reviews",N/A
"Tecno Spark Go 1 (Startrail Black, 64 GB)","₹6,878","₹8,599",4.3320 Ratings & 22 Reviews,N/A
MOTOROLA A10V DS Keypad Phone with Voice Feature|800 mAh Battery|Wireless FM Recording,"₹1,167","₹1,549","4.25,133 Ratings & 314 Reviews",N/A
"REDMI Note 13 5G (Arctic White, 128 GB)","₹14,999","₹20,999","4.228,437 Ratings & 1,664 Reviews",N/A
"vivo T2x 5G (Black Gladiator, 128 GB)","₹11,999","₹17,999","4.41,87,132 Ratings & 9,391 Reviews",N/A
itel it5262,"₹1,295","₹1,599",4868 Ratings & 45 Reviews,N/A
Nokia 235 4G DS,"₹3,605","₹4,999",4.1530 Ratings & 30 Reviews,N/A
"vivo V30 Pro 5G (Classic Black, 512 GB)","₹39,999","₹51,999","4.52,134 Ratings & 252 Reviews",N/A
"realme 13 Pro+ 5G (Emerald Green, 256 GB)","₹26,999","₹38,999","4.56,394 Ratings & 620 Reviews",N/A
"REDMI Note 14 5G (Mystique White, 128 GB)","₹17,965","₹21,999",4.4708 Ratings & 44 Reviews,N/A
"vivo V30 Pro 5G (Andaman Blue, 512 GB)","₹39,999","₹51,999","4.52,134 Ratings & 252 Reviews",N/A
"realme 13 Pro+ 5G (Emerald Green, 512 GB)","₹28,999","₹40,999","4.56,394 Ratings & 620 Reviews",N/A
"SAMSUNG M15 Prime Edition (Celestial Blue, 128 GB)","₹12,714","₹16,999",4.4287 Ratings & 19 Reviews,N/A
"SAMSUNG M15 Prime Edition (Blue Topaz, 128 GB)","₹12,687","₹16,999",4.4287 Ratings & 19 Reviews,N/A
"REDMI A3 (Olive Green, 128 GB)","₹7,999","₹10,999","4.21,697 Ratings & 69 Reviews",N/A
"vivo T3 Pro 5G (Sandstone Orange, 256 GB)","₹24,999","₹31,999","4.548,999 Ratings & 3,371 Reviews",N/A
"vivo Y29 5G (Diamond Black, 128 GB)","₹13,999","₹16,499",4.4200 Ratings & 13 Reviews,N/A
"vivo V50 5G (Titanium Grey, 256 GB)","₹36,999","₹42,999",4.6536 Ratings & 75 Reviews,N/A
"OnePlus Nord 4 5G (Oasis Green, 256 GB)","₹26,749","₹32,999","4.41,425 Ratings & 85 Reviews",N/A
"realme 13 Pro+ 5G (Monet Gold, 512 GB)","₹28,999","₹40,999","4.56,394 Ratings & 620 Reviews",N/A
"vivo V30 Pro 5G (Classic Black, 256 GB)","₹34,999","₹46,999","4.56,265 Ratings & 781 Reviews",N/A
"Google Pixel 8 (Rose, 128 GB)","₹49,999","₹75,999","4.417,461 Ratings & 1,370 Reviews",N/A
"SAMSUNG Galaxy S25 Ultra 5G (Titanium Silverblue, 256 GB)","₹1,29,999",N/A,4.7996 Ratings & 131 Reviews,N/A
"Google Pixel 8 (Mint, 128 GB)","₹49,999","₹75,999","4.417,461 Ratings & 1,370 Reviews",N/A
"POCO M7 Pro 5G (Olive Twilight, 256 GB)","₹15,999","₹20,999","4.21,927 Ratings & 316 Reviews",N/A
itel Power 120 | 2 inch Big Display | 2500 mAh Battery | Kingvoice,"₹1,279","₹1,599",4.2516 Ratings & 33 Reviews,N/A
"Motorola e40 (Carbon Gray, 64 GB)","₹6,887","₹10,999","4.290,322 Ratings & 7,786 Reviews",N/A
"realme 13 Pro+ 5G (Monet Gold, 256 GB)","₹26,999","₹38,999","4.56,394 Ratings & 620 Reviews",N/A
"vivo V50 5G (Rose Red, 256 GB)","₹36,999","₹42,999",4.6536 Ratings & 75 Reviews,N/A
"vivo V50 5G (Starry Night, 256 GB)","₹36,999","₹42,999",4.6536 Ratings & 75 Reviews,N/A
"SAMSUNG Galaxy S23 5G (Cream, 256 GB)","₹49,999","₹95,999","4.673,432 Ratings & 5,088 Reviews",N/A
"SAMSUNG Galaxy Z Fold5 (Icy Blue, 1 TB)","₹1,44,444","₹1,89,999",4.6500 Ratings & 27 Reviews,N/A
"realme NARZO N63 (Leather Blue, 64 GB)","₹8,479","₹9,999","4.31,479 Ratings & 66 Reviews",N/A
"OPPO A3 Pro 5G (Starry Black, 256 GB)","₹19,999","₹22,999","4.31,799 Ratings & 76 Reviews",N/A
"realme C65 5G (Glowing Black, 128 GB)","₹11,184","₹15,999","4.411,998 Ratings & 499 Reviews",N/A
"realme C63 (Leather Blue, 128 GB)","₹8,999","₹10,999","4.39,788 Ratings & 503 Reviews",N/A
"itel A50 (Cyan Blue, 64 GB)","₹6,184","₹7,399",4.3184 Ratings & 12 Reviews,N/A
"vivo T3 Pro 5G (Emerald Green, 256 GB)","₹24,999","₹31,999","4.548,999 Ratings & 3,371 Reviews",N/A
"vivo V50 5G (Starry Night, 256 GB)","₹36,999","₹42,999",4.6536 Ratings & 75 Reviews,N/A
"itel A50 (Cyan Blue, 64 GB)","₹6,184","₹7,399",4.3184 Ratings & 12 Reviews,N/A
"SAMSUNG Galaxy A16 5G (Light Green, 128 GB)","₹16,999","₹21,499","4.21,264 Ratings & 91 Reviews",N/A
"SAMSUNG Galaxy S23 5G (Cream, 128 GB)","₹44,999","₹89,999","4.673,432 Ratings & 5,088 Reviews",N/A
"itel Aura 05i|Leather Finish|4000 Mah Battery|Type C Charging Support (Nebula Black, 32 GB)","₹5,685","₹6,799","4.11,912 Ratings & 64 Reviews",N/A
"vivo X200 Pro 5G (Cosmos Black, 512 GB)","₹94,999","₹1,01,999",4.7591 Ratings & 156 Reviews,N/A
"REDMI Note 13 5G (Arctic White, 256 GB)","₹17,499","₹24,999","4.16,462 Ratings & 404 Reviews",N/A
"OPPO A3 Pro 5G (Moonlight Purple, 128 GB)","₹17,999","₹20,999","4.31,799 Ratings & 76 Reviews",N/A
"OPPO A3 Pro 5G (Starry Black, 128 GB)","₹17,999","₹20,999","4.31,799 Ratings & 76 Reviews",N/A
"IQOO Z9S 5G (Onyx Green, 256 GB)","₹24,629","₹29,999",4.5185 Ratings & 9 Reviews,N/A
"POCO M6 5G (Polaris Green, 128 GB)","₹10,499","₹13,999","4.348,146 Ratings & 2,478 Reviews",N/A
"Infinix Zero 40 5G (Moving Titanium, 256 GB)","₹25,999","₹37,999","4.21,082 Ratings & 148 Reviews",N/A
Kechaoda K115,₹994,"₹1,499","4.138,800 Ratings & 2,581 Reviews",N/A
itel Power 120 | 2 inch Big Display | 2500 mAh Battery | Kingvoice,"₹1,215","₹1,599",4.2516 Ratings & 33 Reviews,N/A
"vivo T2x 5G (Aurora Gold, 128 GB)","₹11,999","₹17,999","4.41,87,132 Ratings & 9,391 Reviews",N/A
"REDMI Note 13 Pro+ 5G (Fusion White, 256 GB)","₹26,999","₹35,999","4.210,350 Ratings & 931 Reviews",N/A
"vivo Y29 5G (Diamond Black, 128 GB)","₹15,499","₹17,999",4.4378 Ratings & 12 Reviews,N/A
"vivo V50 5G (Titanium Grey, 512 GB)","₹40,999","₹48,999",4.5165 Ratings & 23 Reviews,N/A
"REDMI Note 13 Pro 5G (Scarlet Red, 128 GB)","₹18,990","₹28,999","4.334,817 Ratings & 2,774 Reviews",N/A
"Google Pixel 7 (Obsidian, 128 GB)","₹33,999","₹59,999","4.318,080 Ratings & 2,014 Reviews",N/A
itel Power 120 | 2 inch Big Display | 2500 mAh Battery | Kingvoice,"₹1,229","₹1,599",4.2516 Ratings & 33 Reviews,N/A
"REDMI Note 13 5G (Arctic White, 256 GB)","₹16,999","₹22,999","4.216,427 Ratings & 973 Reviews",N/A
"POCO X7 5G (Yellow, 256 GB)","₹20,999","₹27,999","4.31,503 Ratings & 194 Reviews",N/A
"vivo T3 Pro 5G (Sandstone Orange, 256 GB)","₹24,999","₹31,999","4.548,999 Ratings & 3,371 Reviews",N/A
"vivo V50 5G (Titanium Grey, 256 GB)","₹36,999","₹42,999",4.6536 Ratings & 75 Reviews,N/A
"POCO M6 5G (Orion Blue, 128 GB)","₹10,499","₹12,999","4.21,38,230 Ratings & 6,927 Reviews",N/A
"REDMI A3 (Olive Green, 128 GB)","₹8,899","₹11,999","4.15,425 Ratings & 273 Reviews",N/A
"SAMSUNG Galaxy A35 5G (Awesome Iceblue, 256 GB)","₹28,999","₹36,999","4.34,654 Ratings & 345 Reviews",N/A
"realme 13 Pro 5G (Monet Gold, 128 GB)","₹21,999","₹28,999","4.46,022 Ratings & 436 Reviews",N/A
"realme 12 Pro+ 5G (Explorer Red, 256 GB)","₹23,999","₹37,999","4.513,757 Ratings & 1,300 Reviews",N/A
"realme 12 Pro+ 5G (Navigator Beige, 256 GB)","₹23,999","₹37,999","4.513,757 Ratings & 1,300 Reviews",N/A
"vivo T2x 5G (Glimmer Black, 128 GB)","₹15,599","₹20,999","4.477,162 Ratings & 4,341 Reviews",N/A
"SAMSUNG Galaxy S24 FE 5G (Blue, 128 GB)","₹59,999",N/A,4.5514 Ratings & 47 Reviews,N/A
"vivo Y29 5G (Glacier Blue, 128 GB)","₹13,999","₹16,499",4.4200 Ratings & 13 Reviews,N/A
"vivo Y29 5G (Diamond Black, 128 GB)","₹13,999","₹16,499",4.4200 Ratings & 13 Reviews,N/A
"IQOO Z9S 5G (Titanium Matte, 256 GB)","₹27,995","₹29,999",4.5185 Ratings & 9 Reviews,N/A
"vivo V50 5G (Titanium Grey, 128 GB)","₹34,999","₹39,999",4.6536 Ratings & 75 Reviews,N/A
"SAMSUNG Galaxy A16 5G (Gold, 256 GB)","₹19,999","₹24,499","4.21,264 Ratings & 91 Reviews",N/A
"SAMSUNG Galaxy A16 5G (Blue Black, 256 GB)","₹19,999","₹24,499","4.21,264 Ratings & 91 Reviews",N/A
"vivo Y300 5G (Phantom Purple, 256 GB)","₹23,999","₹28,999","4.41,416 Ratings & 87 Reviews",N/A
"realme GT 6T 5G (Fluid Silver, 256 GB)","₹27,380","₹35,999","4.52,234 Ratings & 168 Reviews",N/A
"Google Pixel 9 Pro (Porcelain, 256 GB)","₹1,09,999",N/A,4.6299 Ratings & 47 Reviews,N/A
"SAMSUNG Galaxy A16 5G (Light Green, 256 GB)","₹19,999","₹24,499","4.21,264 Ratings & 91 Reviews",N/A
"realme 13 Pro 5G (Monet Purple, 128 GB)","₹21,999","₹28,999","4.46,022 Ratings & 436 Reviews",N/A
"Google Pixel 8 (Obsidian, 128 GB)","₹49,999","₹75,999","4.417,461 Ratings & 1,370 Reviews",N/A
"SAMSUNG Galaxy S25 Ultra 5G (Titanium Silverblue, 512 GB)","₹1,41,999",N/A,4.7996 Ratings & 131 Reviews,N/A
"vivo T3 Pro 5G (Sandstone Orange, 256 GB)","₹24,999","₹31,999","4.548,999 Ratings & 3,371 Reviews",N/A
"SAMSUNG Galaxy A15 5G (Blue, 256 GB)","₹19,999","₹24,499","4.33,611 Ratings & 219 Reviews",N/A
"vivo V50 5G (Titanium Grey, 256 GB)","₹36,999","₹42,999",4.6536 Ratings & 75 Reviews,N/A
"vivo Y300 5G (Emerald Green, 128 GB)","₹21,999","₹26,999","4.41,416 Ratings & 87 Reviews",N/A
"vivo Y300 5G (Phantom Purple, 128 GB)","₹21,999","₹26,999","4.41,416 Ratings & 87 Reviews",N/A
Jio Bharat V4,"₹1,049","₹1,999",3.9200 Ratings & 10 Reviews,N/A
"POCO X7 5G (Cosmic Silver, 128 GB)","₹18,999","₹24,999","4.31,503 Ratings & 194 Reviews",N/A
"realme 13 Pro 5G (Emerald Green, 128 GB)","₹21,999","₹28,999","4.46,022 Ratings & 436 Reviews",N/A
"SAMSUNG Galaxy A16 5G (Gold, 128 GB)","₹16,999","₹21,499","4.21,264 Ratings & 91 Reviews",N/A
"vivo Y29 5G (Titanium Gold, 256 GB)","₹18,999","₹25,999",4.3321 Ratings & 17 Reviews,N/A
"vivo Y29 5G (Diamond Black, 256 GB)","₹18,999","₹25,999",4.3321 Ratings & 17 Reviews,N/A
Kechaoda K112,"₹1,549","₹1,999","429,724 Ratings & 2,733 Reviews",N/A
"SAMSUNG Galaxy A14 5G (Black, 128 GB)","₹22,999",N/A,"4.14,029 Ratings & 301 Reviews",N/A
"vivo V50 5G (Titanium Grey, 512 GB)","₹40,999","₹48,999",4.5165 Ratings & 23 Reviews,N/A
"SAMSUNG Galaxy S25 Ultra 5G (Titanium Whitesilver, 512 GB)","₹1,41,999",N/A,4.7996 Ratings & 131 Reviews,N/A
"vivo X200 Pro 5G (Titanium Grey, 512 GB)","₹94,999","₹1,01,999",4.7591 Ratings & 156 Reviews,N/A
"vivo T2x 5G (Glimmer Black, 128 GB)","₹14,280","₹18,999","4.44,49,034 Ratings & 23,708 Reviews",N/A
"Infinix Zero 40 5G (Rock Black, 512 GB)","₹28,999","₹41,999","4.21,082 Ratings & 148 Reviews",N/A
"Infinix Zero 40 5G (Moving Titanium, 512 GB)","₹28,999","₹41,999","4.21,082 Ratings & 148 Reviews",N/A
"Infinix Zero 40 5G (Violet Garden, 512 GB)","₹28,999","₹41,999","4.21,082 Ratings & 148 Reviews",N/A
"SAMSUNG Galaxy S25 Ultra 5G (Titanium Black, 512 GB)","₹1,29,999","₹1,41,999",4.7996 Ratings & 131 Reviews,N/A
"Google Pixel 9 Pro (Obsidian, 256 GB)","₹1,09,999",N/A,4.6299 Ratings & 47 Reviews,N/A
"POCO M6 5G (Polaris Green, 256 GB)","₹13,499","₹15,999","4.219,331 Ratings & 1,074 Reviews",N/A
KARBONN K9,"₹1,275","₹1,890",4.1128 Ratings & 6 Reviews,N/A
"Nokia 105 Single SIM, Keypad Mobile Phone with Wireless FM Radio","₹1,599",N/A,"41,39,561 Ratings & 8,496 Reviews",N/A
"Nokia 105 PSS, Keypad Mobile Phone with FM Radio, Memory Card Slot","₹1,699",N/A,"4.19,182 Ratings & 579 Reviews",N/A
"vivo T3 Pro 5G (Sandstone Orange, 256 GB)","₹24,999","₹31,999","4.548,999 Ratings & 3,371 Reviews",N/A
"vivo V50 5G (Titanium Grey, 256 GB)","₹36,999","₹42,999",4.6536 Ratings & 75 Reviews,N/A
"realme C65 5G (Speedy Red, 64 GB)","₹11,499","₹13,999","4.24,973 Ratings & 220 Reviews",N/A
"realme 12 Pro+ 5G (Navigator Beige, 256 GB)","₹22,999","₹35,999","4.426,074 Ratings & 3,058 Reviews",N/A
"realme GT 6T 5G (Razor Green, 256 GB)","₹29,499","₹37,999",4.5822 Ratings & 82 Reviews,N/A
"SAMSUNG Galaxy S25 Ultra 5G (Titanium Gray, 512 GB)","₹1,29,999","₹1,41,999",4.7996 Ratings & 131 Reviews,N/A
"Apple iPhone 15 (Green, 512 GB)","₹84,999","₹99,900","4.62,47,011 Ratings & 8,985 Reviews",N/A
"realme 12 Pro+ 5G (Explorer Red, 256 GB)","₹22,999","₹35,999","4.426,074 Ratings & 3,058 Reviews",N/A
"realme 13 Pro 5G (Monet Purple, 256 GB)","₹23,999","₹30,999","4.46,022 Ratings & 436 Reviews",N/A
"vivo X200 5G (Cosmos Black, 256 GB)","₹65,999","₹74,999",4.7532 Ratings & 114 Reviews,N/A
"realme 13 Pro+ 5G (Monet Purple, 256 GB)","₹26,999","₹38,999","4.56,394 Ratings & 620 Reviews",N/A
"Apple iPhone 15 Plus (Green, 256 GB)","₹78,999","₹89,900","4.641,942 Ratings & 2,385 Reviews",N/A
"realme Narzo N63 4G (Twilight Purple, 64 GB)","₹8,990","₹9,999","4.12,854 Ratings & 84 Reviews",N/A
"Motorola e40 (Pink Clay, 64 GB)","₹10,999",N/A,"4.290,322 Ratings & 7,786 Reviews",N/A
"POCO M6 5G (Galactic Black, 128 GB)","₹10,499","₹13,999","4.348,146 Ratings & 2,478 Reviews",N/A
"vivo X200 5G (Cosmos Black, 512 GB)","₹71,999","₹80,999",4.8122 Ratings & 18 Reviews,N/A
"SAMSUNG Galaxy S24 5G (Onyx Black, 256 GB)","₹70,999","₹79,999","4.51,688 Ratings & 170 Reviews",N/A
"IQOO Z9 (Brushed Green, 128 GB)","₹18,350","₹24,999","4.41,887 Ratings & 144 Reviews",N/A
"Google Pixel 8 (Hazel, 256 GB)","₹52,999","₹82,999","4.417,461 Ratings & 1,370 Reviews",N/A
"realme NARZO N65 5G (DEEP GREEN, 128 GB)","₹10,895","₹13,999",4.3803 Ratings & 36 Reviews,N/A
"vivo V30 Pro 5G (Andaman Blue, 256 GB)","₹34,999","₹46,999","4.56,265 Ratings & 781 Reviews",N/A
"SAMSUNG Galaxy A16 5G (Light Green, 128 GB)","₹15,499","₹19,999",4.2479 Ratings & 27 Reviews,N/A
"realme NARZO N65 5G (AMBER GOLD, 128 GB)","₹10,747","₹13,999",4.3803 Ratings & 36 Reviews,N/A
"Apple iPhone 15 (Green, 256 GB)","₹74,999","₹79,900","4.62,47,011 Ratings & 8,985 Reviews",N/A
"vivo T3 Pro 5G (Sandstone Orange, 256 GB)","₹24,999","₹31,999","4.548,999 Ratings & 3,371 Reviews",N/A
"SAMSUNG Galaxy A05 (Black, 64 GB)","₹9,999","₹12,499",4.4424 Ratings & 24 Reviews,N/A
"vivo V50 5G (Titanium Grey, 256 GB)","₹36,999","₹42,999",4.6536 Ratings & 75 Reviews,N/A
"IQOO Z9 5G (Brushed Green, 256 GB)","₹19,000","₹26,999","4.43,597 Ratings & 210 Reviews",N/A
"Nokia 105 PDS, Keypad Mobile Phone with FM Radio, Memory Card Slot","₹1,899",N/A,"41,800 Ratings & 105 Reviews",N/A
"vivo V30 5G (Andaman Blue, 256 GB)","₹31,449","₹40,999","4.57,726 Ratings & 695 Reviews",N/A
"Nokia 105 Single SIM, Keypad Mobile Phone with Wireless FM Radio","₹1,599",N/A,"41,39,561 Ratings & 8,496 Reviews",N/A
Nokia 105 Classic without Charger,"₹1,249",N/A,"3.93,671 Ratings & 162 Reviews",N/A
"OPPO Reno13 5G (Ivory White, 256 GB)","₹39,999","₹43,999","4.41,795 Ratings & 251 Reviews",N/A
Nokia 106,"₹1,219","₹1,699","3.93,188 Ratings & 182 Reviews",N/A
"IQOO Z9S PRO 5G (Flamboyant Orange, 128 GB)","₹23,599","₹29,999","4.51,718 Ratings & 115 Reviews",N/A
"SAMSUNG Galaxy A16 5G (Blue Black, 128 GB)","₹15,764","₹21,499","4.21,264 Ratings & 91 Reviews",N/A
MOTOROLA A50V Dual Sim Keypad Phone|1750 mAh Battery|1.8inch Display|Expandable Upto 32GB,"₹1,393","₹1,699",4.1880 Ratings & 46 Reviews,N/A
"vivo Y18 (Space Black, 128 GB)","₹8,499","₹13,999","4.11,433 Ratings & 56 Reviews",N/A
"vivo X200 5G (Natural Green, 512 GB)","₹71,999","₹80,999",4.8122 Ratings & 18 Reviews,N/A
"vivo Y18 (Gem Green, 128 GB)","₹8,499","₹13,999","4.11,433 Ratings & 56 Reviews",N/A
"OPPO Reno13 5G (Luminous Blue, 128 GB)","₹37,999","₹41,999","4.41,795 Ratings & 251 Reviews",N/A
"POCO X7 5G (Cosmic Silver, 256 GB)","₹20,999","₹27,999","4.31,503 Ratings & 194 Reviews",N/A
"vivo Y18 (Space Black, 64 GB)","₹7,999","₹12,999","4.11,433 Ratings & 56 Reviews",N/A
"SAMSUNG Galaxy F55 5G (Apricot Crush, 256 GB)","₹26,999","₹34,999",4523 Ratings & 55 Reviews,N/A
"Apple iPhone 15 (Green, 128 GB)","₹64,999","₹69,900","4.62,47,011 Ratings & 8,985 Reviews",N/A
Jio B1,"₹1,588","₹2,599","3.72,597 Ratings & 100 Reviews",N/A
"vivo T3 Pro 5G (Emerald Green, 256 GB)","₹24,999","₹31,999","4.548,999 Ratings & 3,371 Reviews",N/A
"vivo V50 5G (Starry Night, 256 GB)","₹36,999","₹42,999",4.6536 Ratings & 75 Reviews,N/A
"Nokia 105 PDS, Keypad Mobile Phone with FM Radio, Memory Card Slot","₹1,899",N/A,"41,800 Ratings & 105 Reviews",N/A
"vivo V30 5G (Andaman Blue, 256 GB)","₹31,449","₹40,999","4.57,726 Ratings & 695 Reviews",N/A
"Nokia 105 Single SIM, Keypad Mobile Phone with Wireless FM Radio","₹1,599",N/A,"41,39,561 Ratings & 8,496 Reviews",N/A
Nokia 105 Classic without Charger,"₹1,249",N/A,"3.93,671 Ratings & 162 Reviews",N/A
"IQOO Z9 (Brushed Green, 128 GB)","₹18,369","₹24,999","4.41,887 Ratings & 144 Reviews",N/A
"OPPO Reno13 5G (Ivory White, 256 GB)","₹39,999","₹43,999","4.41,795 Ratings & 251 Reviews",N/A
Nokia 106,"₹1,219","₹1,699","3.93,188 Ratings & 182 Reviews",N/A
MOTOROLA A50V Dual Sim Keypad Phone|1750 mAh Battery|1.8inch Display|Expandable Upto 32GB,"₹1,393","₹1,699",4.1880 Ratings & 46 Reviews,N/A
"itel A80 (Wave Blue, 128 GB)","₹7,099","₹8,999",4.2147 Ratings & 6 Reviews,N/A
"vivo X200 5G (Natural Green, 512 GB)","₹71,999","₹80,999",4.8122 Ratings & 18 Reviews,N/A
"OPPO Reno13 5G (Luminous Blue, 128 GB)","₹37,999","₹41,999","4.41,795 Ratings & 251 Reviews",N/A
"POCO X7 5G (Cosmic Silver, 256 GB)","₹20,999","₹27,999","4.31,503 Ratings & 194 Reviews",N/A
"vivo Y18 (Space Black, 64 GB)","₹7,999","₹12,999","4.11,433 Ratings & 56 Reviews",N/A
"SAMSUNG Galaxy F55 5G (Apricot Crush, 256 GB)","₹26,999","₹34,999",4523 Ratings & 55 Reviews,N/A
"Apple iPhone 15 (Green, 128 GB)","₹64,999","₹69,900","4.62,47,011 Ratings & 8,985 Reviews",N/A
"vivo T2x 5G (Sunstone Orange, 128 GB)","₹15,998","₹17,999","4.41,87,132 Ratings & 9,391 Reviews",N/A
Jio B1,"₹1,588","₹2,599","3.72,597 Ratings & 100 Reviews",N/A
"REDMI Note-13 Pro 5G (Scarlet Red, 256 GB)","₹19,199","₹30,999",4.4180 Ratings & 13 Reviews,N/A
"IQOO Z9S PRO 5G (Flamboyant Orange, 256 GB)","₹26,138","₹31,999","4.51,718 Ratings & 115 Reviews",N/A
"OnePlus Nord 3 5G (Tempest Gray, 128 GB)","₹22,990","₹33,999","4.315,505 Ratings & 1,242 Reviews",N/A
"realme Narzo N65 5G (Amber Gold, 128 GB)","₹10,399","₹13,999",4.3803 Ratings & 36 Reviews,N/A
"POCO F6 5G (Black, 512 GB)","₹33,999","₹37,999","4.36,023 Ratings & 611 Reviews",N/A
"vivo T3 Pro 5G (Sandstone Orange, 256 GB)","₹24,999","₹31,999","4.548,999 Ratings & 3,371 Reviews",N/A
"vivo V50 5G (Titanium Grey, 256 GB)","₹36,999","₹42,999",4.6536 Ratings & 75 Reviews,N/A
"POCO X7 5G (Yellow, 128 GB)","₹18,999","₹24,999","4.31,503 Ratings & 194 Reviews",N/A
"REDMI Note 13 Pro 5G (Coral Purple, 256 GB)","₹21,999","₹30,999","4.334,817 Ratings & 2,774 Reviews",N/A
"SAMSUNG M15 (Celestial Blue, 128 GB)","₹11,988","₹15,999",4.1214 Ratings & 16 Reviews,N/A
"SAMSUNG M15 (Blue Topaz, 128 GB)","₹11,868","₹15,999",4.1214 Ratings & 16 Reviews,N/A
"Apple iPhone 15 Plus (Green, 128 GB)","₹68,999","₹79,900","4.641,942 Ratings & 2,385 Reviews",N/A
"vivo Y300 5G (Titanium Silver, 128 GB)","₹21,999","₹26,999","4.41,416 Ratings & 87 Reviews",N/A
"vivo Y18t (Gem Green, 128 GB)","₹8,499","₹13,999",4.2112 Ratings & 5 Reviews,N/A
"vivo X80 Pro (Cosmic Black, 256 GB)","₹42,990","₹86,999","4.31,026 Ratings & 198 Reviews",N/A
"realme C65 5G (Glowing Black, 64 GB)","₹10,499","₹13,999","4.24,973 Ratings & 220 Reviews",N/A
Kechaoda K33,₹999,"₹2,200","410,493 Ratings & 607 Reviews",N/A
LAVA LF9000,"₹1,729","₹2,099",4.1579 Ratings & 34 Reviews,N/A
"vivo Y18 (Gem Green, 64 GB)","₹9,490","₹12,999","4.11,433 Ratings & 56 Reviews",N/A
"SAMSUNG Galaxy A14 5G (Light Green, 128 GB)","₹22,999",N/A,"4.14,029 Ratings & 301 Reviews",N/A
"OnePlus N20 SE (BLUE OASIS, 64 GB)","₹10,724","₹16,999","4.12,463 Ratings & 102 Reviews",N/A
"POCO F6 5G (Black, 256 GB)","₹26,999","₹35,999","4.36,023 Ratings & 611 Reviews",N/A
LAVA LF9000,"₹1,749","₹2,099",4.1579 Ratings & 34 Reviews,N/A
"itel A50 (Lime Green, 64 GB)","₹6,211","₹7,399",4.3184 Ratings & 12 Reviews,N/A
"Google Pixel 7a (Coral, 128 GB)","₹31,999","₹43,999","4.126,047 Ratings & 2,593 Reviews",N/A
"REDMI Note 14 5G (Mystique White, 128 GB)","₹19,500","₹22,999",4.3351 Ratings & 29 Reviews,N/A
Jio V2 Keypad Phone with (UPI) Locked New,₹999,"₹1,999","3.71,594 Ratings & 73 Reviews",N/A
"SAMSUNG Galaxy S23 Plus 5G (Cream, 512 GB)","₹64,999","₹1,28,999",4.5259 Ratings & 38 Reviews,N/A
"Google Pixel 7a (Snow, 128 GB)","₹31,999","₹43,999","4.126,047 Ratings & 2,593 Reviews",N/A
"vivo T3 Pro 5G (Emerald Green, 256 GB)","₹24,999","₹31,999","4.548,999 Ratings & 3,371 Reviews",N/A
LAVA LF9000,"₹1,729","₹2,099",4.1579 Ratings & 34 Reviews,N/A
"vivo V50 5G (Starry Night, 256 GB)","₹36,999","₹42,999",4.6536 Ratings & 75 Reviews,N/A
"vivo Y18 (Gem Green, 64 GB)","₹9,490","₹12,999","4.11,433 Ratings & 56 Reviews",N/A
"SAMSUNG Galaxy A14 5G (Light Green, 128 GB)","₹22,999",N/A,"4.14,029 Ratings & 301 Reviews",N/A
"IQOO Z9S PRO 5G (Flamboyant Orange, 128 GB)","₹23,699","₹29,999","4.51,718 Ratings & 115 Reviews",N/A
"POCO F6 5G (Black, 256 GB)","₹26,999","₹35,999","4.36,023 Ratings & 611 Reviews",N/A
LAVA LF9000,"₹1,749","₹2,099",4.1579 Ratings & 34 Reviews,N/A
"Google Pixel 7a (Coral, 128 GB)","₹31,999","₹43,999","4.126,047 Ratings & 2,593 Reviews",N/A
"SAMSUNG M15 (Blue Topaz, 128 GB)","₹11,870","₹15,999",4.1214 Ratings & 16 Reviews,N/A
Jio V2 Keypad Phone with (UPI) Locked New,₹999,"₹1,999","3.71,594 Ratings & 73 Reviews",N/A
"SAMSUNG Galaxy S23 Plus 5G (Cream, 512 GB)","₹64,999","₹1,28,999",4.5259 Ratings & 38 Reviews,N/A
"Google Pixel 7a (Snow, 128 GB)","₹31,999","₹43,999","4.126,047 Ratings & 2,593 Reviews",N/A
"IQOO NEO9 PRO (Fiery Red, 256 GB)","₹38,490","₹44,999",4.5483 Ratings & 38 Reviews,N/A
"POCO C61 (Diamond Dust Black, 64 GB)","₹5,899","₹8,999","4.281,557 Ratings & 3,415 Reviews",N/A
"REDMI Note 13 Pro 5G (Midnight Black, 256 GB)","₹21,999","₹30,999","4.334,817 Ratings & 2,774 Reviews",N/A
"POCO X7 Pro 5G (Yellow, 256 GB)","₹27,999","₹31,999","4.32,955 Ratings & 600 Reviews",N/A
"SAMSUNG Galaxy Z Fold5 (Phantom Black, 256 GB)","₹97,999","₹1,59,999",4.6500 Ratings & 27 Reviews,N/A
"realme P1 5G (Peacock Green, 128 GB)","₹15,490","₹21,999","4.445,981 Ratings & 2,571 Reviews",N/A
"OPPO A3x 5G (Starlight White, 128 GB)","₹12,499","₹15,999","4.21,798 Ratings & 77 Reviews",N/A
"realme P1 5G (Phoenix Red, 128 GB)","₹15,490","₹21,999","4.445,981 Ratings & 2,571 Reviews",N/A
"realme 13 Pro 5G (Emerald Green, 512 GB)","₹26,999","₹34,999",4.3654 Ratings & 52 Reviews,N/A
"SAMSUNG Galaxy S23 Plus 5G (Cream, 256 GB)","₹84,999","₹1,16,999",4.5259 Ratings & 38 Reviews,N/A
"REDMI Note 13 Pro 5G (Midnight Black, 256 GB)","₹21,678","₹30,999","4.334,817 Ratings & 2,774 Reviews",N/A
"OPPO Reno13 5G (Luminous Blue, 256 GB)","₹39,999","₹43,999","4.41,795 Ratings & 251 Reviews",N/A
"POCO F6 5G (Black, 256 GB)","₹23,999","₹33,999","4.310,947 Ratings & 990 Reviews",N/A
"OnePlus 13 (Arctic Dawn, 256 GB)","₹67,845","₹72,999",4.517 Ratings & 1 Reviews,N/A
"itel A50C (Sapphire Black, 32 GB)","₹5,690","₹6,199",4.1179 Ratings & 5 Reviews,N/A
"REDMI Note 13 Pro+ 5G (Fusion White, 512 GB)","₹28,387","₹37,999","4.210,350 Ratings & 931 Reviews",N/A
GFive SHARK,₹899,"₹1,499",3.7600 Ratings & 51 Reviews,N/A
"REDMI Note 13 Pro+ 5G (Fusion White, 256 GB)","₹24,999","₹33,999","4.317,257 Ratings & 1,561 Reviews",N/A
GFive G9000i,₹799,"₹1,499",4110 Ratings & 5 Reviews,N/A
"REDMI Note 13 Pro 5G (Arctic White, 128 GB)","₹19,999","₹28,999","4.334,817 Ratings & 2,774 Reviews",N/A
LAVA A1 Josh Bol,₹949,"₹1,399","4.19,652 Ratings & 731 Reviews",N/A
"SAMSUNG Galaxy M15 5G (Blue Topaz, 128 GB)","₹11,646","₹15,999",4.2417 Ratings & 26 Reviews,N/A
"IQOO Neo9 Pro (Conqueror Black, 256 GB)","₹39,990","₹44,999",4.5483 Ratings & 38 Reviews,N/A
"SAMSUNG Galaxy A55 5G (Awesome Navy, 256 GB)","₹39,990","₹49,110",4.3406 Ratings & 37 Reviews,N/A
"vivo Y28s 5G (Vintage Red, 128 GB)","₹14,490","₹19,999",4.4861 Ratings & 45 Reviews,N/A
"REDMI Note 13 5G (Arctic White, 256 GB)","₹18,487","₹24,999","4.16,462 Ratings & 404 Reviews",N/A
"REDMI Note 13 Pro+ 5G (Fusion White, 256 GB)","₹23,273","₹33,999","4.317,257 Ratings & 1,561 Reviews",N/A
"SAMSUNG Galaxy A55 5G (Awesome Navy, 256 GB)","₹36,999","₹45,999","4.41,226 Ratings & 106 Reviews",N/A
"vivo V30 5G (Classic Black, 256 GB)","₹32,990","₹42,999","4.51,131 Ratings & 97 Reviews",N/A
"vivo Y28s 5G (Twinkling Purple, 128 GB)","₹15,999","₹21,999",4.3321 Ratings & 16 Reviews,N/A
"IQOO Neo9 Pro (Conqueror Black, 256 GB)","₹39,990","₹41,999",4.6543 Ratings & 36 Reviews,N/A
"vivo Y28s 5G (Twinkling Purple, 128 GB)","₹12,999","₹17,999",4.3240 Ratings & 10 Reviews,N/A
"vivo Y28s 5G (Vintage Red, 128 GB)","₹15,999","₹21,999",4.3321 Ratings & 16 Reviews,N/A
"REDMI 12 (Jade Black, 128 GB)","₹9,499","₹14,999","4.31,09,308 Ratings & 5,613 Reviews",N/A
"vivo T3 Pro 5G (Sandstone Orange, 256 GB)","₹24,999","₹31,999","4.548,999 Ratings & 3,371 Reviews",N/A
"itel A50C (Dawn Blue, 32 GB)","₹5,666","₹6,199",4.1179 Ratings & 5 Reviews,N/A
"vivo V50 5G (Titanium Grey, 256 GB)","₹36,999","₹42,999",4.6536 Ratings & 75 Reviews,N/A
"itel A50C (Misty Aqua, 32 GB)","₹5,710","₹6,199",4.1179 Ratings & 5 Reviews,N/A
Kechaoda K9,"₹1,167","₹1,700","4.13,426 Ratings & 286 Reviews",N/A
"SAMSUNG Galaxy S25 Ultra 5G (Titanium Silverblue, 1024 GB)","₹1,65,999",N/A,4.7996 Ratings & 131 Reviews,N/A
"vivo Y28s 5G (Twinkling Purple, 128 GB)","₹12,999","₹17,999",4.3240 Ratings & 10 Reviews,N/A
"realme 12 Pro+ 5G (Submarine Blue, 256 GB)","₹22,999","₹35,999","4.426,074 Ratings & 3,058 Reviews",N/A
"realme NARZO 70X 5G (ICE BLUE, 128 GB)","₹12,996","₹17,999","4.34,690 Ratings & 201 Reviews",N/A
"vivo Y28s 5G (Vintage Red, 128 GB)","₹14,490","₹19,999",4.4861 Ratings & 45 Reviews,N/A
"OPPO Reno13 5G (Luminous Blue, 256 GB)","₹39,999","₹43,999","4.41,795 Ratings & 251 Reviews",N/A
"SAMSUNG Galaxy S25 5G (Icyblue, 256 GB)","₹80,999",N/A,4.6940 Ratings & 153 Reviews,N/A
"POCO F6 5G (Black, 256 GB)","₹23,999","₹33,999","4.310,947 Ratings & 990 Reviews",N/A
"OnePlus 13 (Arctic Dawn, 256 GB)","₹67,849","₹72,999",4.517 Ratings & 1 Reviews,N/A
"itel A50C (Sapphire Black, 32 GB)","₹5,690","₹6,199",4.1179 Ratings & 5 Reviews,N/A
"REDMI Note 13 Pro+ 5G (Fusion White, 512 GB)","₹28,387","₹37,999","4.210,350 Ratings & 931 Reviews",N/A
"IQOO Neo 9 Pro (Fiery Red, 256 GB)","₹37,990","₹41,999",4.6181 Ratings & 12 Reviews,N/A
"REDMI Note 13 Pro+ 5G (Fusion White, 256 GB)","₹24,999","₹33,999","4.317,257 Ratings & 1,561 Reviews",N/A
"REDMI Note 14 Pro+ 5G (Titan Black, 128 GB)","₹30,999","₹34,999","4.31,048 Ratings & 117 Reviews",N/A
GFive G9000i,₹799,"₹1,499",4110 Ratings & 5 Reviews,N/A
"REDMI Note 13 Pro 5G (Arctic White, 128 GB)","₹19,999","₹28,999","4.334,817 Ratings & 2,774 Reviews",N/A
"vivo T3 Pro 5G (Sandstone Orange, 256 GB)","₹24,999","₹31,999","4.548,999 Ratings & 3,371 Reviews",N/A
"vivo V50 5G (Titanium Grey, 256 GB)","₹36,999","₹42,999",4.6536 Ratings & 75 Reviews,N/A
"Apple iPhone 14 Plus (Blue, 256 GB)","₹79,900",N/A,"4.685,274 Ratings & 4,753 Reviews",N/A
"vivo V30 5G (Peacock Green, 128 GB)","₹29,945","₹38,999","4.57,726 Ratings & 695 Reviews",N/A
"SAMSUNG Galaxy A14 5G (Black, 128 GB)","₹15,499",N/A,"4.242,067 Ratings & 1,948 Reviews",N/A
"OPPO A3x 5G (Starlight White, 64 GB)","₹11,499","₹14,999","4.21,798 Ratings & 77 Reviews",N/A
Nokia 110 4G,"₹2,329","₹3,299",3.9823 Ratings & 50 Reviews,N/A
"realme NARZO 70X 5G (ICE BLUE, 128 GB)","₹12,890","₹17,999","4.34,690 Ratings & 201 Reviews",N/A
"SAMSUNG Galaxy S25 5G (Icyblue, 512 GB)","₹92,999",N/A,4.6940 Ratings & 153 Reviews,N/A
"realme 13 Pro+ 5G (Monet Purple, 256 GB)","₹25,999","₹36,999","4.410,149 Ratings & 1,045 Reviews",N/A
"REDMI Note 14 5G (Phantom Purple, 128 GB)","₹18,982","₹22,999",4.3351 Ratings & 29 Reviews,N/A
LAVA A1 Vibe DS Keypad Phone|1000 mAh Battery|0.3MP Rear Camera|Expandable Upto 32 GB,"₹1,099","₹1,499",4.1232 Ratings & 8 Reviews,N/A
"SAMSUNG Galaxy A16 5G (Light Green, 128 GB)","₹15,735","₹21,499","4.21,264 Ratings & 91 Reviews",N/A
"vivo V30 5G (Peacock Green, 256 GB)","₹33,999","₹42,999","4.51,131 Ratings & 97 Reviews",N/A
Nokia 105 Classic with Charger,"₹1,599",N/A,"3.93,663 Ratings & 186 Reviews",N/A
"POCO M6 Plus 5G (Misty Lavender, 128 GB)","₹10,999","₹15,999","4.227,912 Ratings & 1,710 Reviews",N/A
"REDMI Note 14 Pro+ 5G (Titan Black, 128 GB)","₹30,999","₹34,999","4.31,048 Ratings & 117 Reviews",N/A
"REDMI Note 13 Pro 5G (Arctic White, 256 GB)","₹21,999","₹32,999","4.39,207 Ratings & 683 Reviews",N/A
"SAMSUNG Galaxy Z Fold5 (Black, 1 TB)","₹1,89,999",N/A,4.6500 Ratings & 27 Reviews,N/A
"Google Pixel 8 Pro (Obsidian, 256 GB)","₹86,999","₹1,13,999","4.41,023 Ratings & 117 Reviews",N/A
"vivo Y300 5G (Titanium Silver, 256 GB)","₹23,999","₹28,999","4.41,416 Ratings & 87 Reviews",N/A
"vivo Y300 5G (Emerald Green, 256 GB)","₹23,999","₹28,999","4.41,416 Ratings & 87 Reviews",N/A
"Apple iPhone 14 Plus (Blue, 128 GB)","₹69,900",N/A,"4.685,274 Ratings & 4,753 Reviews",N/A
"REDMI Note 14 Pro 5G (Phantom Purple, 128 GB)","₹24,999","₹28,999","4.41,814 Ratings & 161 Reviews",N/A
"vivo T3 Pro 5G (Sandstone Orange, 256 GB)","₹24,999","₹31,999","4.548,999 Ratings & 3,371 Reviews",N/A
"vivo V50 5G (Titanium Grey, 256 GB)","₹36,999","₹42,999",4.6536 Ratings & 75 Reviews,N/A
"LAVA Z33 (Blue, 32 GB)","₹5,499","₹10,499","41,345 Ratings & 114 Reviews",N/A
"Apple iPhone 14 (Blue, 512 GB)","₹84,999","₹89,900","4.63,10,244 Ratings & 11,674 Reviews",N/A
"POCO M6 5G (Galactic Black, 64 GB)","₹8,499","₹11,999","4.21,38,230 Ratings & 6,927 Reviews",N/A
"SAMSUNG Galaxy A16 5G (Gold, 128 GB)","₹16,290","₹21,499","4.21,264 Ratings & 91 Reviews",N/A
"REDMI Note 13 Pro 5G (Arctic White, 256 GB)","₹22,499","₹32,999","4.39,207 Ratings & 683 Reviews",N/A
Kechaoda A27,₹894,"₹1,499","413,073 Ratings & 780 Reviews",N/A
KARBONN K9 max,"₹1,450","₹1,890","44,552 Ratings & 378 Reviews",N/A
"OnePlus Nord CE3 5G (Grey Shimmer, 128 GB)","₹22,499","₹26,999","4.412,246 Ratings & 942 Reviews",N/A
"SAMSUNG Galaxy Z Flip5 Special Edition (Yellow, 256 GB)","₹61,990","₹1,02,999",4.511 Ratings & 0 Reviews,N/A
"realme 13 Pro 5G (Monet Gold, 256 GB)","₹23,999","₹30,999","4.46,022 Ratings & 436 Reviews",N/A
"Apple iPhone 14 Plus (Blue, 256 GB)","₹79,900",N/A,"4.685,274 Ratings & 4,753 Reviews",N/A
"vivo V30 5G (Peacock Green, 128 GB)","₹29,945","₹38,999","4.57,726 Ratings & 695 Reviews",N/A
"SAMSUNG Galaxy A14 5G (Black, 128 GB)","₹15,499",N/A,"4.242,067 Ratings & 1,948 Reviews",N/A
"OPPO A3x 5G (Starlight White, 64 GB)","₹11,499","₹14,999","4.21,798 Ratings & 77 Reviews",N/A
Nokia 110 4G,"₹2,329","₹3,299",3.9823 Ratings & 50 Reviews,N/A
"SAMSUNG Galaxy S25 5G (Icyblue, 512 GB)","₹92,999",N/A,4.6940 Ratings & 153 Reviews,N/A
"realme 13 Pro+ 5G (Monet Purple, 256 GB)","₹25,999","₹36,999","4.410,149 Ratings & 1,045 Reviews",N/A
"REDMI Note 14 5G (Phantom Purple, 128 GB)","₹18,982","₹22,999",4.3351 Ratings & 29 Reviews,N/A
LAVA A1 Vibe DS Keypad Phone|1000 mAh Battery|0.3MP Rear Camera|Expandable Upto 32 GB,"₹1,099","₹1,499",4.1232 Ratings & 8 Reviews,N/A
"vivo V30 5G (Peacock Green, 256 GB)","₹33,999","₹42,999","4.51,131 Ratings & 97 Reviews",N/A
Nokia 105 Classic with Charger,"₹1,599",N/A,"3.93,663 Ratings & 186 Reviews",N/A
"POCO M6 Plus 5G (Misty Lavender, 128 GB)","₹10,999","₹15,999","4.227,912 Ratings & 1,710 Reviews",N/A
